iem,mean,mav,mavs,rms,var,std,kurtosis,skewness,max,min,range,wl,wamp,zc,myopulse,wamp_norm,ld,aac,dasdv,ssi,label
1444726.0257348889,277.83192802594016,277.83192802594016,0.3571533090297182,279.8569523523053,1129.333549309272,33.60555830973906,34.2979479917142,-4.579441887230472,347.3429130574084,2.977281088603552e-06,347.3429100801273,1857.588216053152,0.0,0.0,0.005,0.0,265.0228495043303,0.3572972140898541,0.6525526619867258,407263551.6555865,Supination
1444726.0257348889,277.83192802594016,277.83192802594016,0.375361918972523,279.8569523523053,1129.333549309272,33.60555830973906,34.2979479917142,-4.579441887230472,347.3429130574084,2.977281088603552e-06,347.3429100801273,1952.699885268901,0.0,0.0,0.005,0.0,265.0228495043303,0.3755914378282171,1.1555941911706085,407263551.6555865,Supination
1444726.0257348889,277.83192802594016,277.83192802594016,0.4322555607846273,279.8569523523053,1129.333549309272,33.60555830973906,34.2979479917142,-4.579441887230472,347.3429130574084,2.977281088603552e-06,347.3429100801273,2248.3436534512257,0.0,0.0,0.005,0.0,265.0228495043303,0.4324569443068332,4.365346083593881,407263551.6555865,Supination
1444726.0257348889,277.83192802594016,277.83192802594016,0.4306306485422246,279.8569523523053,1129.3335493092725,33.60555830973907,34.29794799171418,-4.579441887230471,347.3429130574084,2.977281088603552e-06,347.3429100801273,2239.7416808899648,0.0,0.0,0.005,0.0,265.0228495043303,0.4308024006328072,4.150542306783514,407263551.6555865,Supination
1444726.0257348889,277.83192802594016,277.83192802594016,0.4197373904600783,279.8569523523053,1129.3335493092725,33.60555830973907,34.29794799171418,-4.579441887230471,347.3429130574084,2.977281088603552e-06,347.3429100801273,2183.315211529213,0.0,0.0,0.005,0.0,265.0228495043303,0.4199490693458767,4.075044295388512,407263551.6555865,Supination
1444726.0257348889,277.83192802594016,277.83192802594016,0.4158222527490074,279.8569523523053,1129.3335493092725,33.60555830973907,34.29794799171418,-4.579441887230471,347.3429130574084,2.977281088603552e-06,347.3429100801273,2162.321271435884,0.0,0.0,0.005,0.0,265.0228495043303,0.4159109966216356,4.043400070702779,407263551.6555865,Supination
1444726.0257348889,277.83192802594016,277.83192802594016,0.4079913277764205,279.8569523523053,1129.333549309272,33.60555830973906,34.2979479917142,-4.579441887230472,347.3429130574084,2.977281088603552e-06,347.3429100801273,2122.2622817804527,0.0,0.0,0.005,0.0,265.0228495043303,0.4082058630083578,3.513109441407603,407263551.65558654,Supination
1444726.0257348889,277.83192802594016,277.83192802594016,0.4245750254768224,279.8569523523053,1129.333549309272,33.60555830973906,34.2979479917142,-4.579441887230471,347.3429130574084,2.977281088603552e-06,347.3429100801273,2208.771978434941,0.0,0.0,0.005,0.0,265.0228495043303,0.4248455430726949,4.316264095139941,407263551.6555865,Supination
1444726.0257348889,277.83192802594016,277.83192802594016,0.4158222527490074,279.8569523523053,1129.333549309272,33.60555830973906,34.2979479917142,-4.579441887230472,347.3429130574084,2.977281088603552e-06,347.3429100801273,2162.321271435884,0.0,0.0,0.005,0.0,265.0228495043303,0.4159109966216356,4.281198814343252,407263551.6555865,Supination
1444726.0257348889,277.83192802594016,277.83192802594016,0.4067044701455969,279.8569523523053,1129.333549309272,33.60555830973906,34.2979479917142,-4.579441887230472,347.3429130574084,2.977281088603552e-06,347.3429100801273,2114.895974286137,0.0,0.0,0.005,0.0,265.0228495043303,0.4067889929382837,3.51163757437056,407263551.6555865,Supination
1444726.0257348889,277.83192802594016,277.83192802594016,0.4158222981029566,279.8569523523053,1129.333549309272,33.60555830973906,34.2979479917142,-4.579441887230471,347.3429130574084,2.977281088603552e-06,347.3429100801273,2162.582326788339,0.0,0.0,0.005,0.0,265.0228495043303,0.4159612092303018,4.281201413627867,407263551.6555865,Supination
1444726.0257348889,277.83192802594016,277.83192802594016,0.4263774147877482,279.8569523523053,1129.333549309272,33.60555830973906,34.2979479917142,-4.579441887230471,347.3429130574084,2.977281088603552e-06,347.3429100801273,2217.8171885768456,0.0,0.0,0.005,0.0,265.0228495043303,0.4265853411380738,4.33366416648004,407263551.6555865,Supination
1444726.0257348889,277.83192802594016,277.83192802594016,0.3750238643609438,279.8569523523053,1129.333549309272,33.60555830973906,34.2979479917142,-4.579441887230472,347.3429130574084,2.977281088603552e-06,347.3429100801273,1951.464220201956,0.0,0.0,0.005,0.0,265.0228495043303,0.3753537642242653,1.0799702429882208,407263551.6555865,Supination
1444726.0257348889,277.83192802594016,277.83192802594016,0.4158222981029566,279.8569523523053,1129.333549309272,33.60555830973906,34.2979479917142,-4.579441887230472,347.3429130574084,2.977281088603552e-06,347.3429100801273,2162.582326788339,0.0,0.0,0.005,0.0,265.0228495043303,0.4159612092303018,3.573605883118655,407263551.6555865,Supination
1444726.0257348889,277.83192802594016,277.83192802594016,0.4141973858605539,279.8569523523053,1129.3335493092725,33.60555830973907,34.29794799171418,-4.579441887230471,347.3429130574084,2.977281088603552e-06,347.3429100801273,2153.980354227077,0.0,0.0,0.005,0.0,265.0228495043303,0.4143066655562757,4.041605203398257,407263551.6555865,Supination
1444726.0257348889,277.83192802594016,277.83192802594016,0.4233151684639644,279.8569523523053,1129.333549309272,33.60555830973906,34.2979479917142,-4.579441887230472,347.3429130574084,2.977281088603552e-06,347.3429100801273,2201.405651376824,0.0,0.0,0.005,0.0,265.0228495043303,0.4234286692396276,4.115638328730375,407263551.6555865,Supination
1444726.0257348889,277.83192802594016,277.83192802594016,0.4172596321843376,279.8569523523053,1129.333549309272,33.60555830973906,34.2979479917142,-4.579441887230472,347.3429130574084,2.977281088603552e-06,347.3429100801273,2170.391891427099,0.0,0.0,0.005,0.0,265.0228495043303,0.4174633374547218,3.598395226819169,407263551.6555865,Supination
1444726.0257348889,277.83192802594016,277.83192802594016,0.3680464803260891,279.8569523523053,1129.333549309272,33.60555830973906,34.2979479917142,-4.579441887230472,347.3429130574084,2.977281088603552e-06,347.3429100801273,1914.058742908604,0.0,0.0,0.005,0.0,265.0228495043303,0.368159019601578,0.9391372714424168,407263551.6555865,Supination
1444726.0257348889,277.83192802594016,277.83192802594016,0.3605536099650813,279.8569523523053,1129.333549309272,33.60555830973906,34.2979479917142,-4.579441887230472,347.3429130574084,2.977281088603552e-06,347.3429100801273,1875.235418320119,0.0,0.0,0.005,0.0,265.0228495043303,0.3606915595922521,0.6763684530911581,407263551.65558654,Supination
1444726.0257348889,277.83192802594016,277.83192802594016,0.371108726649873,279.8569523523053,1129.333549309272,33.60555830973906,34.2979479917142,-4.579441887230472,347.3429130574084,2.977281088603552e-06,347.3429100801273,1930.470280108626,0.0,0.0,0.005,0.0,265.0228495043303,0.3713156915000242,1.0364853027831966,407263551.65558654,Supination
1444726.0257348889,277.83192802594016,277.83192802594016,0.4140469508418225,279.8569523523053,1129.333549309272,33.60555830973906,34.2979479917142,-4.579441887230472,347.3429130574084,2.977281088603552e-06,347.3429100801273,2153.231984235477,0.0,0.0,0.005,0.0,265.0228495043303,0.4141627205684702,3.5712063606186235,407263551.6555865,Supination
1444726.0257348889,277.83192802594016,277.83192802594016,0.4174472517771856,279.8569523523053,1129.333549309272,33.60555830973906,34.2979479917142,-4.579441887230472,347.3429130574084,2.977281088603552e-06,347.3429100801273,2170.879186502444,0.0,0.0,0.005,0.0,265.0228495043303,0.4175570660708683,3.598615304885844,407263551.6555865,Supination
1444726.0257348889,277.83192802594016,277.83192802594016,0.4140469508418225,279.8569523523053,1129.333549309272,33.60555830973906,34.2979479917142,-4.579441887230472,347.3429130574084,2.977281088603552e-06,347.3429100801273,2153.231984235477,0.0,0.0,0.005,0.0,265.0228495043303,0.4141627205684702,4.041282253213337,407263551.65558654,Supination
1444726.0257348889,277.83192802594016,277.83192802594016,0.4158223395347828,279.8569523523053,1129.333549309272,33.60555830973906,34.2979479917142,-4.579441887230471,347.3429130574084,2.977281088603552e-06,347.3429100801273,2162.2772139411827,0.0,0.0,0.005,0.0,265.0228495043303,0.4159025223968422,4.281198073699034,407263551.6555865,Supination
456898.9563965948,87.86518392242206,87.86518392242206,0.3674807439644738,94.28154479598244,1168.719143395789,34.186534533289404,4.888332079079345,2.0122284940356554,252.0406382962079,4.059928757186661e-07,252.04063789021504,1911.5377597492927,0.0,0.0,0.0740384615384615,0.0,80.37253117691158,0.367674121898306,0.6367576958056681,46222850.38340759,Supination
456898.9563965948,87.86518392242206,87.86518392242206,0.3683241467723163,94.28154479598246,1168.719143395789,34.186534533289404,4.888332079079345,2.0122284940356554,252.0406382962079,4.059928757186661e-07,252.04063789021504,1916.9762261236751,0.0,0.0,0.0740384615384615,0.0,80.37253117691158,0.3687201819818571,0.6403702603215002,46222850.3834076,Supination
456898.9563965947,87.86518392242206,87.86518392242206,0.3832884918900446,94.28154479598244,1168.719143395789,34.186534533289404,4.888332079079345,2.0122284940356554,252.0406382962079,4.059928757186661e-07,252.04063789021504,1995.3367309658984,0.0,0.0,0.0740384615384615,0.0,80.37253117691158,0.3837924083412,1.174416972597074,46222850.38340759,Supination
456898.9563965947,87.86518392242206,87.86518392242206,0.3820311698672003,94.28154479598244,1168.7191433957892,34.186534533289404,4.888332079079342,2.012228494035655,252.0406382962079,4.059928757186661e-07,252.04063789021504,1988.4290444068247,0.0,0.0,0.0740384615384615,0.0,80.37253117691158,0.3824637515689219,1.1835898447730369,46222850.38340759,Supination
456898.9563965947,87.86518392242206,87.86518392242206,0.3812578357328495,94.28154479598244,1168.7191433957892,34.186534533289404,4.888332079079342,2.012228494035655,252.0406382962079,4.059928757186661e-07,252.04063789021504,1984.1249795408264,0.0,0.0,0.0740384615384615,0.0,80.37253117691158,0.3816358875823862,1.181859558787185,46222850.38340759,Supination
456898.9563965947,87.86518392242206,87.86518392242206,0.3875038916726755,94.28154479598244,1168.7191433957892,34.186534533289404,4.888332079079342,2.012228494035655,252.0406382962079,4.059928757186661e-07,252.04063789021504,2016.2715000306791,0.0,0.0,0.0740384615384615,0.0,80.37253117691158,0.3878190998327908,1.2286027070518497,46222850.38340759,Supination
456898.9563965947,87.86518392242206,87.86518392242206,0.3874797835398374,94.28154479598244,1168.719143395789,34.186534533289404,4.888332079079345,2.0122284940356554,252.0406382962079,4.059928757186661e-07,252.04063789021504,2016.436348078545,0.0,0.0,0.0740384615384615,0.0,80.37253117691158,0.3878508074780813,1.2469981308503617,46222850.38340759,Supination
456898.9563965947,87.86518392242206,87.86518392242206,0.3840679998246337,94.28154479598246,1168.7191433957892,34.186534533289404,4.888332079079342,2.012228494035655,252.0406382962079,4.059928757186661e-07,252.04063789021504,1998.359792435928,0.0,0.0,0.0740384615384615,0.0,80.37253117691158,0.3843738781373202,1.1818026719237098,46222850.3834076,Supination
456898.9563965948,87.86518392242206,87.86518392242206,0.3808950846088936,94.28154479598244,1168.719143395789,34.186534533289404,4.888332079079345,2.0122284940356554,252.0406382962079,4.059928757186661e-07,252.04063789021504,1980.772232588068,0.0,0.0,0.0740384615384615,0.0,80.37253117691158,0.3809910045370394,1.1592633927860063,46222850.38340759,Supination
456898.9563965947,87.86518392242206,87.86518392242206,0.3849575215491356,94.28154479598244,1168.7191433957892,34.186534533289404,4.888332079079342,2.012228494035655,252.0406382962079,4.059928757186661e-07,252.04063789021504,2002.855379026068,0.0,0.0,0.0740384615384615,0.0,80.37253117691158,0.3852385803089186,1.232768091180701,46222850.38340759,Supination
456898.9563965947,87.86518392242206,87.86518392242206,0.3808951985617718,94.28154479598246,1168.7191433957892,34.186534533289404,4.888332079079342,2.0122284940356545,252.0406382962079,4.059928757186661e-07,252.04063789021504,1981.0627187262671,0.0,0.0,0.0740384615384615,0.0,80.37253117691158,0.3810468780008207,1.1592861496803557,46222850.3834076,Supination
456898.9563965947,87.86518392242206,87.86518392242206,0.3863210965308287,94.28154479598246,1168.7191433957892,34.186534533289404,4.888332079079342,2.012228494035655,252.0406382962079,4.059928757186661e-07,252.04063789021504,2010.05355172334,0.0,0.0,0.0740384615384615,0.0,80.37253117691158,0.3866231105449779,1.1961903804976175,46222850.3834076,Supination
456898.9563965947,87.86518392242206,87.86518392242206,0.3729768063339727,94.28154479598244,1168.719143395789,34.186534533289404,4.888332079079345,2.0122284940356554,252.0406382962079,4.059928757186661e-07,252.04063789021504,1941.960468325366,0.0,0.0,0.0740384615384615,0.0,80.37253117691158,0.3735257680948963,0.7021124185811953,46222850.38340759,Supination
456898.9563965947,87.86518392242206,87.86518392242206,0.3872807826557725,94.28154479598244,1168.719143395789,34.186534533289404,4.888332079079345,2.0122284940356554,252.0406382962079,4.059928757186661e-07,252.04063789021504,2015.98101389248,0.0,0.0,0.0740384615384615,0.0,80.37253117691158,0.3877632263690094,1.2467980884113454,46222850.38340759,Supination
456898.9563965947,87.86518392242206,87.86518392242206,0.3846361398677179,94.28154479598244,1168.7191433957892,34.186534533289404,4.888332079079342,2.012228494035655,252.0406382962079,4.059928757186661e-07,252.04063789021504,2001.0601457426424,0.0,0.0,0.0740384615384615,0.0,80.37253117691158,0.3848932767344956,1.2088614587783262,46222850.38340759,Supination
456898.9563965948,87.86518392242206,87.86518392242206,0.3819610236926862,94.28154479598246,1168.719143395789,34.186534533289404,4.888332079079345,2.0122284940356554,252.0406382962079,4.059928757186661e-07,252.04063789021504,1986.9901808954069,0.0,0.0,0.0740384615384615,0.0,80.37253117691158,0.3821869938248523,1.183346785863038,46222850.3834076,Supination
456898.9563965947,87.86518392242206,87.86518392242206,0.3853852701422803,94.28154479598246,1168.7191433957892,34.186534533289404,4.888332079079342,2.0122284940356545,252.0406382962079,4.059928757186661e-07,252.04063789021504,2005.2315845858905,0.0,0.0,0.0740384615384615,0.0,80.37253117691158,0.3856956308109041,1.229196902298996,46222850.3834076,Supination
456898.9563965947,87.86518392242206,87.86518392242206,0.3732522457006648,94.28154479598244,1168.719143395789,34.186534533289404,4.888332079079345,2.0122284940356554,252.0406382962079,4.059928757186661e-07,252.04063789021504,1942.449464120124,0.0,0.0,0.0740384615384615,0.0,80.37253117691158,0.3736198238353768,0.7108245840244557,46222850.38340759,Supination
456898.9563965947,87.86518392242206,87.86518392242206,0.3737969643047419,94.28154479598244,1168.719143395789,34.186534533289404,4.888332079079345,2.0122284940356554,252.0406382962079,4.059928757186661e-07,252.04063789021504,1945.116155818146,0.0,0.0,0.0740384615384615,0.0,80.37253117691158,0.3741327478011436,0.7202134363159972,46222850.38340759,Supination
456898.9563965947,87.86518392242206,87.86518392242206,0.3742245989450083,94.28154479598244,1168.719143395789,34.186534533289404,4.888332079079345,2.0122284940356554,252.0406382962079,4.059928757186661e-07,252.04063789021504,1947.2018752397696,0.0,0.0,0.0740384615384615,0.0,80.37253117691158,0.3745339248393479,0.7140465593021603,46222850.38340759,Supination
456898.9563965947,87.86518392242206,87.86518392242206,0.3838324098474125,94.28154479598244,1168.7191433957892,34.186534533289404,4.888332079079342,2.012228494035655,252.0406382962079,4.059928757186661e-07,252.04063789021504,1997.9114461822803,0.0,0.0,0.0740384615384615,0.0,80.37253117691158,0.3842876411198846,1.2204223286468916,46222850.38340759,Supination
456898.9563965947,87.86518392242206,87.86518392242206,0.3851503668588901,94.28154479598246,1168.7191433957892,34.186534533289404,4.888332079079342,2.0122284940356545,252.0406382962079,4.059928757186661e-07,252.04063789021504,2004.5847286756848,0.0,0.0,0.0740384615384615,0.0,80.37253117691158,0.3855712115167695,1.227560889076008,46222850.3834076,Supination
456898.9563965947,87.86518392242206,87.86518392242206,0.3840556328171937,94.28154479598244,1168.719143395789,34.186534533289404,4.888332079079345,2.0122284940356554,252.0406382962079,4.059928757186661e-07,252.04063789021504,1998.4924184586785,0.0,0.0,0.0740384615384615,0.0,80.37253117691158,0.3843993880474473,1.2018496419086,46222850.38340759,Supination
456898.9563965947,87.86518392242206,87.86518392242206,0.3808951803358439,94.28154479598246,1168.7191433957892,34.186534533289404,4.888332079079342,2.0122284940356545,252.0406382962079,4.059928757186661e-07,252.04063789021504,1981.0697066586847,0.0,0.0,0.0740384615384615,0.0,80.37253117691158,0.3810482220924572,1.1592865246669273,46222850.3834076,Supination
292058.9999078058,56.165192289962654,56.165192289962654,0.3011421096430332,61.5682635002515,636.12224546792,25.221463983439182,6.735560526879892,2.3596260763808243,174.38122120411856,1.8946334200204416e-06,174.38121930948515,1565.6500074381115,0.0,0.0,0.0526923076923076,0.0,50.51144669534732,0.301144452286615,0.5792815325577706,19711385.56626928,Supination
292058.9999078058,56.165192289962654,56.165192289962654,0.3083141941914998,61.5682635002515,636.12224546792,25.221463983439182,6.735560526879892,2.3596260763808243,174.38122120411856,1.8946334200204416e-06,174.38121930948515,1603.7703984773132,0.0,0.0,0.0526923076923076,0.0,50.51144669534732,0.3084767067661691,0.7023625106015521,19711385.56626928,Supination
292058.9999078058,56.165192289962654,56.165192289962654,0.3223609436797453,61.56826350025149,636.12224546792,25.221463983439182,6.735560526879892,2.3596260763808243,174.38122120411856,1.8946334200204416e-06,174.38121930948515,1677.10451579625,0.0,0.0,0.0526923076923076,0.0,50.51144669534732,0.3225821342173975,1.2515777201144314,19711385.56626928,Supination
292058.9999078058,56.165192289962654,56.165192289962654,0.3202132112378351,61.56826350025149,636.12224546792,25.221463983439182,6.735560526879892,2.3596260763808243,174.38122120411856,1.8946334200204416e-06,174.38121930948515,1665.1365248977863,0.0,0.0,0.0526923076923076,0.0,50.51144669534732,0.3202801548178084,1.1093084928469996,19711385.56626928,Supination
292058.9999078058,56.165192289962654,56.165192289962654,0.3154281278001932,61.56826350025149,636.12224546792,25.221463983439182,6.735560526879892,2.3596260763808243,174.38122120411856,1.8946334200204416e-06,174.38121930948515,1639.9535707336108,0.0,0.0,0.0526923076923076,0.0,50.51144669534732,0.3154363475156012,1.0503722206486308,19711385.56626928,Supination
292058.9999078058,56.165192289962654,56.165192289962654,0.3150334770195755,61.56826350025149,636.1222454679202,25.22146398343919,6.735560526879889,2.3596260763808234,174.38122120411856,1.8946334200204416e-06,174.38121930948515,1639.5524514959138,0.0,0.0,0.0526923076923076,0.0,50.51144669534732,0.3153591943635149,1.0491865600773267,19711385.56626928,Supination
292058.9999078058,56.165192289962654,56.165192289962654,0.3150654345858469,61.5682635002515,636.1222454679202,25.22146398343919,6.735560526879889,2.3596260763808234,174.38122120411856,1.8946334200204416e-06,174.38121930948515,1638.7425975986805,0.0,0.0,0.0526923076923076,0.0,50.51144669534732,0.3152034232734527,0.9275688442301692,19711385.56626928,Supination
292058.9999078058,56.165192289962654,56.165192289962654,0.320174514491168,61.5682635002515,636.1222454679202,25.22146398343919,6.735560526879889,2.3596260763808234,174.38122120411856,1.8946334200204416e-06,174.38121930948515,1665.1153859134274,0.0,0.0,0.0526923076923076,0.0,50.51144669534736,0.3202760888465911,1.2169953150382495,19711385.56626928,Supination
292058.9999078058,56.165192289962654,56.165192289962654,0.3154542438060704,61.5682635002515,636.12224546792,25.221463983439182,6.735560526879892,2.3596260763808243,174.38122120411856,1.8946334200204416e-06,174.38121930948515,1640.6470766099528,0.0,0.0,0.0526923076923076,0.0,50.51144669534732,0.3155697396826222,1.1918894803517956,19711385.56626928,Supination
292058.9999078058,56.165192289962654,56.165192289962654,0.3104288444687565,61.5682635002515,636.12224546792,25.221463983439182,6.735560526879892,2.3596260763808243,174.38122120411856,1.8946334200204416e-06,174.38121930948515,1614.937824070604,0.0,0.0,0.0526923076923076,0.0,50.51144669534736,0.310624701686979,0.8958002760849137,19711385.56626928,Supination
292058.9999078058,56.165192289962654,56.165192289962654,0.3154542715112554,61.5682635002515,636.12224546792,25.221463983439182,6.735560526879892,2.3596260763808243,174.38122120411856,1.8946334200204416e-06,174.38121930948515,1640.6841116360392,0.0,0.0,0.0526923076923076,0.0,50.51144669534736,0.3155768631729254,1.191890028269238,19711385.56626928,Supination
292058.9999078058,56.165192289962654,56.165192289962654,0.3223075488321849,61.5682635002515,636.1222454679202,25.22146398343919,6.735560526879889,2.3596260763808234,174.38122120411856,1.8946334200204416e-06,174.38121930948515,1677.0463417858043,0.0,0.0,0.0526923076923076,0.0,50.51144669534736,0.3225709447558769,1.2514655646633346,19711385.56626928,Supination
292058.9999078058,56.165192289962654,56.165192289962654,0.3103822850801852,61.56826350025149,636.12224546792,25.221463983439182,6.735560526879892,2.3596260763808243,174.38122120411856,1.8946334200204416e-06,174.38121930948515,1614.5125559928874,0.0,0.0,0.0526923076923076,0.0,50.51144669534732,0.3105429036339464,0.7152192003149839,19711385.56626928,Supination
292058.9999078058,56.165192289962654,56.165192289962654,0.314948776925996,61.56826350025149,636.1222454679202,25.22146398343919,6.735560526879889,2.3596260763808234,174.38122120411856,1.8946334200204416e-06,174.38121930948515,1639.3690983479914,0.0,0.0,0.0526923076923076,0.0,50.51144669534732,0.3153239273606446,0.9580990490722396,19711385.56626928,Supination
292058.9999078058,56.165192289962654,56.165192289962654,0.3128857722828503,61.56826350025149,636.1222454679202,25.22146398343919,6.735560526879889,2.3596260763808234,174.38122120411856,1.8946334200204416e-06,174.38121930948515,1627.621495623537,0.0,0.0,0.0526923076923076,0.0,50.51144669534732,0.3130643384542291,1.035812171272514,19711385.56626928,Supination
292058.9999078058,56.165192289962654,56.165192289962654,0.3178264438213997,61.5682635002515,636.12224546792,25.221463983439182,6.735560526879892,2.3596260763808243,174.38122120411856,1.8946334200204416e-06,174.38121930948515,1653.110359988877,0.0,0.0,0.0526923076923076,0.0,50.51144669534732,0.3179669859566988,1.0955431207342958,19711385.56626928,Supination
292058.99990780576,56.16519228996265,56.16519228996265,0.3177029162813658,61.5682635002515,636.12224546792,25.221463983439182,6.735560526879892,2.3596260763808248,174.38122120411856,1.8946334200204416e-06,174.38121930948515,1652.4317143604942,0.0,0.0,0.0526923076923076,0.0,50.51144669534736,0.3178364520793411,0.9797128094220582,19711385.56626928,Supination
292058.9999078058,56.165192289962654,56.165192289962654,0.3055065292887824,61.56826350025149,636.1222454679202,25.22146398343919,6.735560526879889,2.3596260763808234,174.38122120411856,1.8946334200204416e-06,174.38121930948515,1590.1754549582631,0.0,0.0,0.0526923076923076,0.0,50.51144669534732,0.3058617916826819,0.6716341099626004,19711385.56626928,Supination
292058.9999078058,56.165192289962654,56.165192289962654,0.3031343569786381,61.5682635002515,636.12224546792,25.221463983439182,6.735560526879892,2.3596260763808243,174.38122120411856,1.8946334200204416e-06,174.38121930948515,1577.749206605426,0.0,0.0,0.0526923076923076,0.0,50.51144669534736,0.3034716688989086,0.6028971059685798,19711385.56626928,Supination
292058.9999078058,56.165192289962654,56.165192289962654,0.3104084010860624,61.5682635002515,636.1222454679202,25.22146398343919,6.735560526879889,2.3596260763808234,174.38122120411856,1.8946334200204416e-06,174.38121930948515,1615.2060618692296,0.0,0.0,0.0526923076923076,0.0,50.51144669534732,0.3106762958009674,0.7217081602578512,19711385.56626928,Supination
292058.9999078058,56.165192289962654,56.165192289962654,0.315104131332514,61.5682635002515,636.12224546792,25.221463983439182,6.735560526879892,2.3596260763808243,174.38122120411856,1.8946334200204416e-06,174.38121930948515,1638.7637365830396,0.0,0.0,0.0526923076923076,0.0,50.51144669534736,0.31520748924467,0.9580533720222982,19711385.56626928,Supination
292058.99990780576,56.16519228996265,56.16519228996265,0.3175171454546138,61.5682635002515,636.12224546792,25.221463983439182,6.735560526879892,2.3596260763808248,174.38122120411856,1.8946334200204416e-06,174.38121930948515,1651.9575608643927,0.0,0.0,0.0526923076923076,0.0,50.51144669534736,0.3177452511760709,0.9785691688445508,19711385.56626928,Supination
292058.9999078058,56.165192289962654,56.165192289962654,0.3151888591312786,61.5682635002515,636.12224546792,25.221463983439182,6.735560526879892,2.3596260763808243,174.38122120411856,1.8946334200204416e-06,174.38121930948515,1638.9841247570484,0.0,0.0,0.0526923076923076,0.0,50.51144669534736,0.3152498797378435,1.0491454712152322,19711385.56626928,Supination
292058.9999078058,56.165192289962654,56.165192289962654,0.3154541408114682,61.5682635002515,636.12224546792,25.221463983439182,6.735560526879892,2.3596260763808243,174.38122120411856,1.8946334200204416e-06,174.38121930948515,1640.2099581399375,0.0,0.0,0.0526923076923076,0.0,50.51144669534736,0.3154856622696552,1.191866289445102,19711385.56626928,Supination
457333.5218684734,76.22225364474556,76.22225364474556,0.2313151703745629,79.22234465443725,466.3479418625147,21.59509068891619,4.461082268533844,1.4206095396708007,169.86956795366885,2.706619171457774e-07,169.86956768300692,1388.2340704545763,0.0,0.0,0.0491666666666666,0.0,71.12399983155406,0.2314109135613563,0.4381939650386553,37657079.355278656,Supination
457333.5218684734,76.22225364474556,76.22225364474556,0.2340692447168434,79.22234465443725,466.3479418625146,21.595090688916187,4.461082268533846,1.420609539670801,169.86956795366885,2.706619171457774e-07,169.86956768300692,1404.9655214898723,0.0,0.0,0.0491666666666666,0.0,71.12399983155406,0.2341999535739077,0.4697244653274154,37657079.355278656,Supination
457333.5218684734,76.22225364474556,76.22225364474556,0.2451954323777137,79.22234465443725,466.3479418625147,21.59509068891619,4.461082268533845,1.4206095396708005,169.86956795366885,2.706619171457774e-07,169.86956768300692,1471.7601453801726,0.0,0.0,0.0491666666666666,0.0,71.12399983155406,0.2453342466044628,0.9383726054616904,37657079.355278656,Supination
457333.5218684734,76.22225364474556,76.22225364474556,0.2455658671461019,79.22234465443725,466.3479418625147,21.59509068891619,4.461082268533845,1.4206095396708005,169.86956795366885,2.706619171457774e-07,169.86956768300692,1473.8188498959653,0.0,0.0,0.0491666666666666,0.0,71.12399983155406,0.2456774212195308,1.0082534034421242,37657079.355278656,Supination
457333.5218684734,76.22225364474556,76.22225364474556,0.2436178973294957,79.22234465443725,466.3479418625147,21.59509068891619,4.461082268533845,1.4206095396708005,169.86956795366885,2.706619171457774e-07,169.86956768300692,1461.9667953804556,0.0,0.0,0.0491666666666666,0.0,71.12399983155406,0.2437017495216628,0.9960837352889684,37657079.355278656,Supination
457333.5218684734,76.22225364474556,76.22225364474556,0.2457082957510102,79.22234465443725,466.3479418625147,21.59509068891619,4.461082268533844,1.4206095396708005,169.86956795366885,2.706619171457774e-07,169.86956768300692,1474.9690312140035,0.0,0.0,0.0491666666666666,0.0,71.12399983155406,0.2458691500606774,1.009893434134001,37657079.355278656,Supination
457333.5218684734,76.22225364474556,76.22225364474556,0.2477477203295343,79.22234465443725,466.3479418625147,21.59509068891619,4.461082268533845,1.4206095396708007,169.86956795366885,2.706619171457774e-07,169.86956768300692,1487.2408547401326,0.0,0.0,0.0491666666666666,0.0,71.12399983155406,0.2479147949225091,1.0760106640817932,37657079.355278656,Supination
457333.5218684734,76.22225364474556,76.22225364474556,0.2445320898587573,79.22234465443725,466.3479418625147,21.59509068891619,4.461082268533844,1.4206095396708005,169.86956795366885,2.706619171457774e-07,169.86956768300692,1467.3749348015915,0.0,0.0,0.0491666666666666,0.0,71.12399983155406,0.2446032563429891,0.9263656839717056,37657079.355278656,Supination
457333.5218684734,76.22225364474556,76.22225364474556,0.2415784727509716,79.22234465443725,466.3479418625147,21.59509068891619,4.461082268533844,1.4206095396708007,169.86956795366885,2.706619171457774e-07,169.86956768300692,1449.694971854327,0.0,0.0,0.0491666666666666,0.0,71.12399983155406,0.2416561046598311,0.9084221645124344,37657079.355278656,Supination
457333.5218684734,76.22225364474556,76.22225364474556,0.2445320898587573,79.22234465443725,466.3479418625147,21.59509068891619,4.461082268533844,1.4206095396708005,169.86956795366885,2.706619171457774e-07,169.86956768300692,1467.3749348015915,0.0,0.0,0.0491666666666666,0.0,71.12399983155406,0.2446032563429891,1.0525285888310902,37657079.355278656,Supination
457333.5218684734,76.22225364474556,76.22225364474556,0.2415784828052501,79.22234465443725,466.3479418625147,21.59509068891619,4.461082268533844,1.4206095396708005,169.86956795366885,2.706619171457774e-07,169.86956768300692,1449.629694216117,0.0,0.0,0.0491666666666666,0.0,71.12399983155406,0.2416452232398928,0.9084197051710476,37657079.355278656,Supination
457333.5218684734,76.22225364474556,76.22225364474556,0.2465367407139619,79.22234465443725,466.3479418625147,21.59509068891619,4.461082268533844,1.4206095396708005,169.86956795366885,2.706619171457774e-07,169.86956768300692,1479.8392884414138,0.0,0.0,0.0491666666666666,0.0,71.12399983155406,0.2466809949060533,0.9513184758548922,37657079.355278656,Supination
457333.5218684734,76.22225364474556,76.22225364474556,0.2370795694004382,79.22234465443725,466.3479418625147,21.59509068891619,4.461082268533845,1.4206095396708005,169.86956795366885,2.706619171457774e-07,169.86956768300692,1423.248644269073,0.0,0.0,0.0491666666666666,0.0,71.12399983155406,0.2372476486529544,0.5253800815157147,37657079.355278656,Supination
457333.5218684734,76.22225364474556,76.22225364474556,0.2473428818311253,79.22234465443725,466.3479418625147,21.59509068891619,4.461082268533844,1.4206095396708005,169.86956795366885,2.706619171457774e-07,169.86956768300692,1484.644268030614,0.0,0.0,0.0491666666666666,0.0,71.12399983155406,0.2474819583314909,1.076522033990301,37657079.355278656,Supination
457333.5218684734,76.22225364474556,76.22225364474556,0.2437259587958723,79.22234465443725,466.3479418625147,21.59509068891619,4.461082268533844,1.4206095396708005,169.86956795366885,2.706619171457774e-07,169.86956768300692,1462.504677574182,0.0,0.0,0.0491666666666666,0.0,71.12399983155406,0.2437914114976132,0.996629082834391,37657079.355278656,Supination
457333.5218684734,76.22225364474556,76.22225364474556,0.2447596994917277,79.22234465443725,466.3479418625146,21.595090688916187,4.461082268533846,1.420609539670801,169.86956795366885,2.706619171457774e-07,169.86956768300692,1469.0230095991417,0.0,0.0,0.0491666666666666,0.0,71.12399983155406,0.2448779812634008,1.0061539977602685,37657079.355278656,Supination
457333.5218684734,76.22225364474556,76.22225364474556,0.2477133165995135,79.22234465443725,466.3479418625146,21.595090688916187,4.461082268533846,1.420609539670801,169.86956795366885,2.706619171457774e-07,169.86956768300692,1486.7029725464065,0.0,0.0,0.0491666666666666,0.0,71.12399983155406,0.2478251329465588,1.0749795601292076,37657079.355278656,Supination
457333.5218684734,76.22225364474556,76.22225364474556,0.2350401448219141,79.22234465443725,466.3479418625147,21.59509068891619,4.461082268533844,1.4206095396708005,169.86956795366885,2.706619171457774e-07,169.86956768300692,1410.9768207429445,0.0,0.0,0.0491666666666666,0.0,71.12399983155406,0.2352020037911225,0.4984201693013515,37657079.355278656,Supination
457333.5218684734,76.22225364474556,76.22225364474556,0.2342117099132409,79.22234465443725,466.3479418625147,21.59509068891619,4.461082268533845,1.4206095396708005,169.86956795366885,2.706619171457774e-07,169.86956768300692,1406.0412858773248,0.0,0.0,0.0491666666666666,0.0,71.12399983155406,0.2343792775258084,0.4732290025911124,37657079.355278656,Supination
457333.5218684734,76.22225364474556,76.22225364474556,0.2373929265997185,79.22234465443725,466.3479418625147,21.59509068891619,4.461082268533845,1.4206095396708007,169.86956795366885,2.706619171457774e-07,169.86956768300692,1425.4346012603492,0.0,0.0,0.0491666666666666,0.0,71.12399983155406,0.2376120355493164,0.5212626799576204,37657079.355278656,Supination
457333.5218684734,76.22225364474556,76.22225364474556,0.2464287158390743,79.22234465443725,466.3479418625147,21.59509068891619,4.461082268533844,1.4206095396708005,169.86956795366885,2.706619171457774e-07,169.86956768300692,1479.2269893171012,0.0,0.0,0.0491666666666666,0.0,71.12399983155406,0.246578928040857,1.0740474682885737,37657079.355278656,Supination
457333.5218684734,76.22225364474556,76.22225364474556,0.2475482141555182,79.22234465443725,466.3479418625146,21.595090688916187,4.461082268533846,1.420609539670801,169.86956795366885,2.706619171457774e-07,169.86956768300692,1486.2179258975773,0.0,0.0,0.0491666666666666,0.0,71.12399983155406,0.2477442783626566,1.0740103877046885,37657079.355278656,Supination
457333.5218684734,76.22225364474556,76.22225364474556,0.2447941398132377,79.22234465443725,466.3479418625147,21.59509068891619,4.461082268533845,1.4206095396708005,169.86956795366885,2.706619171457774e-07,169.86956768300692,1469.4864748622813,0.0,0.0,0.0491666666666666,0.0,71.12399983155406,0.2449552383501052,1.007252974452318,37657079.355278656,Supination
457333.5218684734,76.22225364474556,76.22225364474556,0.2415785093424607,79.22234465443725,466.3479418625147,21.59509068891619,4.461082268533844,1.4206095396708005,169.86956795366885,2.706619171457774e-07,169.86956768300692,1449.6205549237409,0.0,0.0,0.0491666666666666,0.0,71.12399983155406,0.2416436997705852,0.9084192984461366,37657079.355278656,Supination
253321.64431950904,42.22027405325151,42.22027405325151,0.2769838698018919,56.282163131090776,1385.1303455830512,37.21733931359214,0.7358967407847459,1.068526447191852,178.58509731270675,4.059928757186661e-07,178.5850969067139,1662.2251020364984,0.0,0.0,0.0523333333333333,0.0,25.18666429123288,0.2770836976223534,0.5023146795940849,19006091.32028828,Supination
253321.64431950904,42.22027405325151,42.22027405325151,0.2814921379403354,56.28216313109077,1385.130345583051,37.21733931359214,0.7358967407847468,1.0685264471918523,178.58509731270675,4.059928757186661e-07,178.5850969067139,1689.471019229038,0.0,0.0,0.0523333333333333,0.0,25.18666429123288,0.2816254407783027,0.5798346438259652,19006091.32028828,Supination
253321.64431950904,42.22027405325151,42.22027405325151,0.290354782040286,56.28216313109077,1385.130345583051,37.21733931359214,0.7358967407847468,1.0685264471918523,178.58509731270675,4.059928757186661e-07,178.5850969067139,1743.0669767848765,0.0,0.0,0.0523333333333333,0.0,25.18666429123287,0.2905595893957119,1.0760381767732672,19006091.32028828,Supination
253321.64431950904,42.22027405325151,42.22027405325151,0.2910922392851771,56.28216313109077,1385.130345583051,37.21733931359214,0.7358967407847468,1.0685264471918523,178.58509731270675,4.059928757186661e-07,178.5850969067139,1746.7611424711677,0.0,0.0,0.0523333333333333,0.0,25.18666429123288,0.2911753863095795,0.9445668257610976,19006091.32028828,Supination
253321.64431950904,42.22027405325151,42.22027405325151,0.2875103135775353,56.28216313109077,1385.130345583051,37.21733931359214,0.7358967407847468,1.0685264471918523,178.58509731270675,4.059928757186661e-07,178.5850969067139,1725.577744893393,0.0,0.0,0.0523333333333333,0.0,25.18666429123288,0.2876442315208189,0.9022865005662865,19006091.32028828,Supination
253321.64431950904,42.22027405325151,42.22027405325151,0.2918648754645611,56.28216313109077,1385.130345583051,37.21733931359214,0.7358967407847468,1.0685264471918523,178.58509731270675,4.059928757186661e-07,178.5850969067139,1751.9588028546937,0.0,0.0,0.0523333333333333,0.0,25.18666429123288,0.2920418074436895,0.95867393542097,19006091.32028828,Supination
253321.64431950904,42.22027405325151,42.22027405325151,0.2882829454575364,56.28216313109077,1385.1303455830512,37.21733931359214,0.7358967407847459,1.0685264471918523,178.58509731270675,4.059928757186661e-07,178.5850969067139,1730.4956264269729,0.0,0.0,0.0523333333333333,0.0,25.18666429123288,0.2884640150736744,0.8525151763425819,19006091.32028828,Supination
253321.64431950904,42.22027405325151,42.22027405325151,0.2915255745668229,56.28216313109077,1385.130345583051,37.21733931359214,0.7358967407847468,1.0685264471918527,178.58509731270675,4.059928757186661e-07,178.5850969067139,1749.4998620879037,0.0,0.0,0.0523333333333333,0.0,25.18666429123287,0.2916319156672617,1.0814955989263493,19006091.32028828,Supination
253321.64431950904,42.22027405325151,42.22027405325151,0.2892124398261724,56.282163131090776,1385.1303455830512,37.21733931359214,0.7358967407847459,1.068526447191852,178.58509731270675,4.059928757186661e-07,178.5850969067139,1735.4754397914758,0.0,0.0,0.0523333333333333,0.0,25.18666429123288,0.2892941223189658,1.0729678899394042,19006091.32028828,Supination
253321.64431950904,42.22027405325151,42.22027405325151,0.2896457708084352,56.282163131090776,1385.1303455830512,37.21733931359214,0.7358967407847459,1.0685264471918523,178.58509731270675,4.059928757186661e-07,178.5850969067139,1737.9343805582655,0.0,0.0,0.0523333333333333,0.0,25.18666429123287,0.2897040140953935,0.895365221216178,19006091.32028828,Supination
253321.64431950904,42.22027405325151,42.22027405325151,0.28921245541195,56.28216313109077,1385.130345583051,37.21733931359214,0.7358967407847468,1.0685264471918523,178.58509731270675,4.059928757186661e-07,178.5850969067139,1735.557910469231,0.0,0.0,0.0523333333333333,0.0,25.18666429123287,0.289307869723159,1.0729697342656466,19006091.32028828,Supination
253321.64431950904,42.22027405325151,42.22027405325151,0.2908152604032599,56.28216313109077,1385.130345583051,37.21733931359214,0.7358967407847468,1.0685264471918527,178.58509731270675,4.059928757186661e-07,178.5850969067139,1745.8881670793671,0.0,0.0,0.0523333333333333,0.0,25.18666429123287,0.2910298661575874,1.0792221650814862,19006091.32028828,Supination
253321.64431950904,42.22027405325151,42.22027405325151,0.2795130129246205,56.28216313109077,1385.130345583051,37.21733931359214,0.7358967407847468,1.0685264471918523,178.58509731270675,4.059928757186661e-07,178.5850969067139,1678.3380994114536,0.0,0.0,0.0523333333333333,0.0,25.18666429123287,0.279769644842716,0.5211034107937635,19006091.32028828,Supination
253321.64431950904,42.22027405325151,42.22027405325151,0.2898617947762907,56.28216313109077,1385.130345583051,37.21733931359214,0.7358967407847468,1.0685264471918523,178.58509731270675,4.059928757186661e-07,178.5850969067139,1740.105426314548,0.0,0.0,0.0523333333333333,0.0,25.18666429123287,0.2900659153716532,0.8958453699839669,19006091.32028828,Supination
253321.64431950904,42.22027405325151,42.22027405325151,0.2905992520211819,56.28216313109077,1385.130345583051,37.21733931359214,0.7358967407847468,1.0685264471918523,178.58509731270675,4.059928757186661e-07,178.5850969067139,1743.7995920008398,0.0,0.0,0.0523333333333333,0.0,25.18666429123288,0.2906817122855208,0.9526041563521382,19006091.32028828,Supination
253321.64431950904,42.22027405325151,42.22027405325151,0.2901659210389191,56.28216313109077,1385.130345583051,37.21733931359214,0.7358967407847468,1.0685264471918523,178.58509731270675,4.059928757186661e-07,178.5850969067139,1741.3406512340498,0.0,0.0,0.0523333333333333,0.0,25.18666429123288,0.2902718205090931,0.9415245460709408,19006091.32028828,Supination
253321.64431950904,42.22027405325151,42.22027405325151,0.2905992520211819,56.28216313109077,1385.1303455830507,37.21733931359213,0.7358967407847481,1.0685264471918527,178.58509731270675,4.059928757186661e-07,178.5850969067139,1743.7995920008398,0.0,0.0,0.0523333333333333,0.0,25.18666429123287,0.2906817122855208,0.890672201503578,19006091.32028828,Supination
253321.64431950904,42.22027405325151,42.22027405325151,0.2812151391732575,56.28216313109077,1385.130345583051,37.21733931359214,0.7358967407847468,1.0685264471918523,178.58509731270675,4.059928757186661e-07,178.5850969067139,1688.2357943095365,0.0,0.0,0.0523333333333333,0.0,25.18666429123287,0.2814195356408628,0.5935302985721075,19006091.32028828,Supination
253321.64431950904,42.22027405325151,42.22027405325151,0.2822647698203364,56.28216313109077,1385.1303455830512,37.21733931359214,0.7358967407847463,1.068526447191852,178.58509731270675,4.059928757186661e-07,178.5850969067139,1694.388900762618,0.0,0.0,0.0523333333333333,0.0,25.18666429123288,0.2824452243311582,0.6025173185388042,19006091.32028828,Supination
253321.64431950904,42.22027405325151,42.22027405325151,0.2832182354473055,56.28216313109077,1385.1303455830512,37.21733931359214,0.7358967407847459,1.0685264471918523,178.58509731270675,4.059928757186661e-07,178.5850969067139,1700.1716415274368,0.0,0.0,0.0523333333333333,0.0,25.18666429123288,0.2834091751170923,0.5955176340779935,19006091.32028828,Supination
253321.64431950904,42.22027405325151,42.22027405325151,0.2858465139018425,56.282163131090776,1385.1303455830512,37.21733931359214,0.7358967407847459,1.0685264471918523,178.58509731270675,4.059928757186661e-07,178.5850969067139,1715.8210595923365,0.0,0.0,0.0523333333333333,0.0,25.18666429123287,0.2860178462397627,0.8386909798642532,19006091.32028828,Supination
253321.64431950904,42.22027405325151,42.22027405325151,0.2904780745559462,56.28216313109077,1385.1303455830507,37.21733931359213,0.7358967407847481,1.0685264471918527,178.58509731270675,4.059928757186661e-07,178.5850969067139,1743.4373424731389,0.0,0.0,0.0523333333333333,0.0,25.18666429123287,0.2906213273000732,0.8900940084702995,19006091.32028828,Supination
253321.64431950904,42.22027405325151,42.22027405325151,0.2878496101758905,56.28216313109077,1385.1303455830512,37.21733931359214,0.7358967407847463,1.068526447191852,178.58509731270675,4.059928757186661e-07,178.5850969067139,1727.7569068102373,0.0,0.0,0.0523333333333333,0.0,25.18666429123288,0.2880074857159922,0.9054961651208449,19006091.32028828,Supination
253321.64431950904,42.22027405325151,42.22027405325151,0.2892124355267894,56.28216313109077,1385.130345583051,37.21733931359214,0.7358967407847468,1.0685264471918523,178.58509731270675,4.059928757186661e-07,178.5850969067139,1735.1956609415302,0.0,0.0,0.0523333333333333,0.0,25.18666429123287,0.2892474847377113,1.072953760267557,19006091.32028828,Supination
344116.71233489306,57.35278538914884,57.35278538914884,0.4938911352560809,76.10163135934724,2502.1163036602184,50.02115855975568,2.7450997958632346,1.6699514792602572,263.1941221983932,6.766547928644435e-07,263.1941215217384,2963.2576047664456,0.0,0.0,0.0643333333333333,0.0,39.41818353770377,0.4939585938933898,0.9942897703483868,34748749.7733239,Supination
344116.71233489306,57.35278538914884,57.35278538914884,0.516533993125744,76.10163135934724,2502.1163036602184,50.02115855975568,2.7450997958632346,1.669951479260258,263.1941221983932,6.766547928644435e-07,263.1941215217384,3099.8130766870763,0.0,0.0,0.0643333333333333,0.0,39.41818353770377,0.516721633053355,1.7310194085160813,34748749.7733239,Supination
344116.71233489306,57.35278538914884,57.35278538914884,0.5279755434047051,76.10163135934724,2502.1163036602184,50.02115855975568,2.7450997958632346,1.6699514792602572,263.1941221983932,6.766547928644435e-07,263.1941215217384,3168.3321387051287,1.0,0.0,0.0643333333333333,0.0001666666666666,39.41818353770377,0.5281433803475793,2.450803965476754,34748749.7733239,Supination
344116.71233489306,57.35278538914884,57.35278538914884,0.532570945421942,76.10163135934724,2502.1163036602184,50.02115855975568,2.7450997958632346,1.6699514792602572,263.1941221983932,6.766547928644435e-07,263.1941215217384,3196.744798572293,0.0,0.0,0.0643333333333333,0.0,39.41818353770377,0.5328796130308873,2.138077000700659,34748749.7733239,Supination
344116.71233489306,57.35278538914884,57.35278538914884,0.515257596503624,76.10163135934724,2502.1163036602184,50.02115855975568,2.7450997958632346,1.6699514792602572,263.1941221983932,6.766547928644435e-07,263.1941215217384,3092.117525324621,0.0,0.0,0.0643333333333333,0.0,39.41818353770377,0.5154388273586633,1.6544408527207846,34748749.7733239,Supination
344116.71233489306,57.35278538914884,57.35278538914884,0.5314589542411559,76.10163135934724,2502.1163036602184,50.02115855975568,2.7450997958632346,1.669951479260258,263.1941221983932,6.766547928644435e-07,263.1941215217384,3190.5198758328183,0.0,0.0,0.0643333333333333,0.0,39.41818353770377,0.5318419529642971,2.106082104696767,34748749.7733239,Supination
344116.71233489306,57.35278538914884,57.35278538914884,0.5141332931230768,76.10163135934725,2502.1163036602184,50.02115855975568,2.7450997958632346,1.6699514792602572,263.1941221983932,6.766547928644435e-07,263.1941215217384,3085.61888895033,0.0,0.0,0.0643333333333333,0.0,39.41818353770377,0.5143555407485131,1.407894182979256,34748749.77332391,Supination
344116.71233489306,57.35278538914884,57.35278538914884,0.532062303249595,76.10163135934724,2502.1163036602184,50.02115855975568,2.7450997958632346,1.669951479260258,263.1941221983932,6.766547928644435e-07,263.1941215217384,3193.769194019964,1.0,0.0,0.0643333333333333,0.0001666666666666,39.41818353770377,0.5323835962693722,2.4782700687301675,34748749.7733239,Supination
344116.71233489306,57.35278538914884,57.35278538914884,0.5221430798934925,76.10163135934724,2502.1163036602184,50.02115855975568,2.7450997958632346,1.6699514792602572,263.1941221983932,6.766547928644435e-07,263.1941215217384,3133.6945560984905,1.0,0.0,0.0643333333333333,0.0001666666666666,39.41818353770377,0.5223694875976813,2.414765234610507,34748749.7733239,Supination
344116.71233489306,57.35278538914884,57.35278538914884,0.5216221255213844,76.10163135934724,2502.1163036602184,50.02115855975568,2.7450997958632346,1.669951479260258,263.1941221983932,6.766547928644435e-07,263.1941215217384,3130.445237911345,0.0,0.0,0.0643333333333333,0.0,39.41818353770377,0.5218278442926063,1.8537134438146103,34748749.7733239,Supination
344116.71233489306,57.35278538914884,57.35278538914884,0.5221373657247484,76.10163135934724,2502.1163036602184,50.02115855975568,2.7450997958632346,1.669951479260258,263.1941221983932,6.766547928644435e-07,263.1941215217384,3133.0827918370555,1.0,0.0,0.0643333333333333,0.0001666666666666,39.41818353770377,0.5222675098911578,2.414752158679358,34748749.7733239,Supination
344116.71233489306,57.35278538914884,57.35278538914884,0.5272470975268118,76.10163135934724,2502.1163036602184,50.02115855975568,2.7450997958632346,1.669951479260258,263.1941221983932,6.766547928644435e-07,263.1941215217384,3164.7372768751984,1.0,0.0,0.0643333333333333,0.0001666666666666,39.41818353770377,0.527544136835339,2.4433399524600303,34748749.7733239,Supination
344116.71233489306,57.35278538914884,57.35278538914884,0.50432468839701,76.10163135934724,2502.1163036602184,50.02115855975568,2.7450997958632346,1.6699514792602572,263.1941221983932,6.766547928644435e-07,263.1941215217384,3026.5740678588977,0.0,0.0,0.0643333333333333,0.0,39.41818353770377,0.5045130968259539,1.140657466376223,34748749.7733239,Supination
344116.71233489306,57.35278538914884,57.35278538914884,0.5221307411374666,76.10163135934724,2502.1163036602184,50.02115855975568,2.7450997958632346,1.669951479260258,263.1941221983932,6.766547928644435e-07,263.1941215217384,3133.0752988208887,0.0,0.0,0.0643333333333333,0.0,39.41818353770377,0.5222662608469559,1.854169974474344,34748749.7733239,Supination
344116.71233489306,57.35278538914884,57.35278538914884,0.5267327677419853,76.10163135934724,2502.1163036602184,50.02115855975568,2.7450997958632346,1.669951479260258,263.1941221983932,6.766547928644435e-07,263.1941215217384,3161.4954517042192,0.0,0.0,0.0643333333333333,0.0,39.41818353770377,0.5270037425744656,2.072466961994192,34748749.7733239,Supination
344116.71233489306,57.35278538914884,57.35278538914884,0.5272470975268118,76.10163135934724,2502.1163036602184,50.02115855975568,2.7450997958632346,1.669951479260258,263.1941221983932,6.766547928644435e-07,263.1941215217384,3164.7372768751984,0.0,0.0,0.0643333333333333,0.0,39.41818353770377,0.527544136835339,2.097073457100453,34748749.7733239,Supination
344116.71233489306,57.35278538914884,57.35278538914884,0.5267261431547035,76.10163135934724,2502.1163036602184,50.02115855975568,2.7450997958632346,1.669951479260258,263.1941221983932,6.766547928644435e-07,263.1941215217384,3161.4879586880525,0.0,0.0,0.0643333333333333,0.0,39.41818353770377,0.5270024935302637,1.917267425217619,34748749.7733239,Supination
344116.71233489306,57.35278538914884,57.35278538914884,0.5112101717868784,76.10163135934724,2502.1163036602184,50.02115855975568,2.7450997958632346,1.669951479260258,263.1941221983932,6.766547928644435e-07,263.1941215217384,3068.151098632767,0.0,0.0,0.0643333333333333,0.0,39.41818353770377,0.511443757064972,1.6498427673272444,34748749.7733239,Supination
344116.71233489306,57.35278538914884,57.35278538914884,0.5154163143324785,76.10163135934725,2502.1163036602184,50.02115855975568,2.7450997958632346,1.669951479260258,263.1941221983932,6.766547928644435e-07,263.1941215217384,3093.321933328951,0.0,0.0,0.0643333333333333,0.0,39.41818353770377,0.5156395954874065,1.691338114254967,34748749.77332391,Supination
344116.71233489306,57.35278538914884,57.35278538914884,0.5205260461345417,76.10163135934725,2502.1163036602184,50.02115855975568,2.7450997958632346,1.6699514792602572,263.1941221983932,6.766547928644435e-07,263.1941215217384,3124.976418367094,0.0,0.0,0.0643333333333333,0.0,39.41818353770377,0.5209162224315876,1.760780683444148,34748749.77332391,Supination
344116.71233489306,57.35278538914884,57.35278538914884,0.5053260609477603,76.10163135934724,2502.1163036602184,50.02115855975568,2.7450997958632346,1.669951479260258,263.1941221983932,6.766547928644435e-07,263.1941215217384,3031.769173768332,0.0,0.0,0.0643333333333333,0.0,39.41818353770377,0.5053790921434125,1.3062864162847163,34748749.7733239,Supination
344116.71233489306,57.35278538914884,57.35278538914884,0.5268512400241578,76.10163135934724,2502.1163036602184,50.02115855975568,2.7450997958632346,1.669951479260258,263.1941221983932,6.766547928644435e-07,263.1941215217384,3161.8335023308377,0.0,0.0,0.0643333333333333,0.0,39.41818353770377,0.5270600937374292,1.918134128182854,34748749.7733239,Supination
344116.71233489306,57.35278538914884,57.35278538914884,0.5146485598827054,76.10163135934725,2502.1163036602184,50.02115855975568,2.7450997958632346,1.669951479260258,263.1941221983932,6.766547928644435e-07,263.1941215217384,3088.601986518825,0.0,0.0,0.0643333333333333,0.0,39.41818353770377,0.5148528065542299,1.6443711832840002,34748749.77332391,Supination
344116.71233489306,57.35278538914884,57.35278538914884,0.5221373922810131,76.10163135934724,2502.1163036602184,50.02115855975568,2.7450997958632346,1.669951479260258,263.1941221983932,6.766547928644435e-07,263.1941215217384,3133.4283354798404,1.0,0.0,0.0643333333333333,0.0001666666666666,39.41818353770377,0.5223251100983232,2.4147627195144628,34748749.7733239,Supination
392984.6097096988,75.57396340571131,75.57396340571131,0.3083024570340136,78.90357599038056,514.3503592219657,22.679293622641023,2.9896093803868142,1.1467207796689844,165.58362206760486,1.353309585728887e-07,165.5836219322739,1603.5589812131725,0.0,0.0,0.0490384615384615,0.0,69.86752790946873,0.3084360417797985,0.5184811831023837,32374026.381162744,Supination
392984.6097096988,75.57396340571131,75.57396340571131,0.3159614360752651,78.90357599038056,514.3503592219657,22.679293622641023,2.9896093803868142,1.146720779668985,165.58362206760486,1.353309585728887e-07,165.5836219322739,1643.6502453927924,0.0,0.0,0.0490384615384615,0.0,69.86752790946873,0.3161473832261574,0.6532459194302274,32374026.381162744,Supination
392984.6097096988,75.57396340571131,75.57396340571131,0.3229963916249103,78.90357599038056,514.3503592219657,22.679293622641023,2.989609380386815,1.1467207796689851,165.58362206760486,1.353309585728887e-07,165.5836219322739,1680.1352442982347,0.0,0.0,0.0490384615384615,0.0,69.86752790946873,0.3231650787263386,0.9434389656827324,32374026.381162748,Supination
392984.6097096988,75.57396340571131,75.57396340571131,0.3338002016834735,78.90357599038056,514.3503592219657,22.679293622641023,2.989609380386815,1.1467207796689844,165.58362206760486,1.353309585728887e-07,165.5836219322739,1736.5664371843536,0.0,0.0,0.0490384615384615,0.0,69.86752790946873,0.3340193185582523,1.4478699365790098,32374026.381162748,Supination
392984.6097096988,75.57396340571131,75.57396340571131,0.3300678887609934,78.90357599038056,514.3503592219657,22.679293622641023,2.989609380386815,1.1467207796689844,165.58362206760486,1.353309585728887e-07,165.5836219322739,1717.1022011591788,0.0,0.0,0.0490384615384615,0.0,69.86752790946873,0.330275476276049,1.4218192401096237,32374026.381162748,Supination
392984.6097096988,75.57396340571131,75.57396340571131,0.3337263719834147,78.90357599038056,514.3503592219657,22.679293622641023,2.989609380386815,1.1467207796689844,165.58362206760486,1.353309585728887e-07,165.5836219322739,1736.4705191711255,0.0,0.0,0.0490384615384615,0.0,69.86752790946873,0.3340008692385315,1.44872650352284,32374026.381162748,Supination
392984.6097096988,75.57396340571131,75.57396340571131,0.3286931585913604,78.90357599038056,514.3503592219657,22.679293622641023,2.9896093803868142,1.146720779668985,165.58362206760486,1.353309585728887e-07,165.5836219322739,1710.0377028104456,0.0,0.0,0.0490384615384615,0.0,69.86752790946873,0.3289166575900068,1.1824430120642553,32374026.381162748,Supination
392984.6097096989,75.57396340571132,75.57396340571132,0.3255400094415425,78.90357599038056,514.3503592219657,22.679293622641023,2.9896093803868125,1.146720779668983,165.58362206760486,1.353309585728887e-07,165.5836219322739,1693.6977741039468,0.0,0.0,0.0490384615384615,0.0,69.86752790946873,0.3257737592044522,0.971956983689628,32374026.381162744,Supination
392984.6097096988,75.57396340571131,75.57396340571131,0.3183985021408921,78.90357599038056,514.3503592219657,22.679293622641023,2.9896093803868142,1.1467207796689844,165.58362206760486,1.353309585728887e-07,165.5836219322739,1656.1678029958794,0.0,0.0,0.0490384615384615,0.0,69.86752790946873,0.3185550688586034,0.8968445836072131,32374026.381162744,Supination
392984.6097096988,75.57396340571131,75.57396340571131,0.3266172102725175,78.90357599038056,514.3503592219657,22.679293622641023,2.9896093803868142,1.1467207796689844,165.58362206760486,1.353309585728887e-07,165.5836219322739,1698.940548063058,0.0,0.0,0.0490384615384615,0.0,69.86752790946873,0.3267821788926828,1.1776020226809625,32374026.381162744,Supination
392984.6097096988,75.57396340571131,75.57396340571131,0.3183984441378339,78.90357599038056,514.3503592219657,22.679293622641023,2.989609380386815,1.146720779668985,165.58362206760486,1.353309585728887e-07,165.5836219322739,1656.0624623335852,0.0,0.0,0.0490384615384615,0.0,69.86752790946873,0.3185348071424476,0.8968398689980651,32374026.381162744,Supination
392984.6097096989,75.57396340571132,75.57396340571132,0.3222844620719994,78.90357599038056,514.3503592219657,22.679293622641023,2.9896093803868125,1.146720779668983,165.58362206760486,1.353309585728887e-07,165.5836219322739,1676.5935724748022,0.0,0.0,0.0490384615384615,0.0,69.86752790946873,0.3224838569868825,0.9296027057613342,32374026.381162744,Supination
392984.6097096988,75.57396340571131,75.57396340571131,0.3161151566246039,78.90357599038056,514.3503592219657,22.679293622641023,2.989609380386815,1.1467207796689851,165.58362206760486,1.353309585728887e-07,165.5836219322739,1644.6212014956063,0.0,0.0,0.0490384615384615,0.0,69.86752790946873,0.3163341414686683,0.6417201440140782,32374026.381162748,Supination
392984.6097096988,75.57396340571131,75.57396340571131,0.3272883445593992,78.90357599038056,514.3503592219657,22.679293622641023,2.989609380386815,1.146720779668985,165.58362206760486,1.353309585728887e-07,165.5836219322739,1702.3674565751307,0.0,0.0,0.0490384615384615,0.0,69.86752790946873,0.3274413265195481,1.1787068771776643,32374026.381162744,Supination
392984.6097096988,75.57396340571131,75.57396340571131,0.3305031702036248,78.90357599038056,514.3503592219657,22.679293622641023,2.989609380386815,1.1467207796689844,165.58362206760486,1.353309585728887e-07,165.5836219322739,1719.366317541981,0.0,0.0,0.0490384615384615,0.0,69.86752790946873,0.3307109670209619,1.428814474733785,32374026.381162748,Supination
392984.6097096988,75.57396340571131,75.57396340571131,0.3298734464863371,78.90357599038056,514.3503592219657,22.679293622641023,2.9896093803868142,1.146720779668985,165.58362206760486,1.353309585728887e-07,165.5836219322739,1716.025904394071,0.0,0.0,0.0490384615384615,0.0,69.86752790946873,0.3300684563173823,1.418867103329281,32374026.381162744,Supination
392984.6097096988,75.57396340571131,75.57396340571131,0.3292022541963971,78.90357599038056,514.3503592219657,22.679293622641023,2.9896093803868142,1.146720779668985,165.58362206760486,1.353309585728887e-07,165.5836219322739,1712.493655219704,0.0,0.0,0.0490384615384615,0.0,69.86752790946873,0.3293890469743612,1.1898061715808914,32374026.381162744,Supination
392984.6097096988,75.57396340571131,75.57396340571131,0.3133356704260679,78.90357599038056,514.3503592219657,22.679293622641023,2.989609380386815,1.146720779668985,165.58362206760486,1.353309585728887e-07,165.5836219322739,1629.9917975738522,0.0,0.0,0.0490384615384615,0.0,69.86752790946873,0.3135202534283232,0.611985658727296,32374026.381162744,Supination
392984.6097096988,75.57396340571131,75.57396340571131,0.3158876219128597,78.90357599038056,514.3503592219657,22.679293622641023,2.9896093803868142,1.146720779668985,165.58362206760486,1.353309585728887e-07,165.5836219322739,1643.458409366336,0.0,0.0,0.0490384615384615,0.0,69.86752790946873,0.3161104845867159,0.6551365000995806,32374026.381162748,Supination
392984.6097096988,75.57396340571131,75.57396340571131,0.3184727238397976,78.90357599038056,514.3503592219657,22.679293622641023,2.9896093803868142,1.146720779668985,165.58362206760486,1.353309585728887e-07,165.5836219322739,1657.1168571852763,0.0,0.0,0.0490384615384615,0.0,69.86752790946873,0.3187376143845501,0.6768341690499535,32374026.381162748,Supination
392984.6097096988,75.57396340571131,75.57396340571131,0.3229263969979964,78.90357599038056,514.3503592219657,22.679293622641023,2.9896093803868142,1.1467207796689844,165.58362206760486,1.353309585728887e-07,165.5836219322739,1679.476312037883,0.0,0.0,0.0490384615384615,0.0,69.86752790946873,0.3230383366104795,1.134133571642005,32374026.381162744,Supination
392984.6097096988,75.57396340571131,75.57396340571131,0.3292106458696149,78.90357599038056,514.3503592219657,22.679293622641023,2.9896093803868142,1.146720779668985,165.58362206760486,1.353309585728887e-07,165.5836219322739,1712.50307786877,0.0,0.0,0.0490384615384615,0.0,69.86752790946873,0.3293908593707963,1.1898324560850644,32374026.381162744,Supination
392984.6097096988,75.57396340571131,75.57396340571131,0.3293643664189538,78.90357599038056,514.3503592219657,22.679293622641023,2.9896093803868142,1.146720779668985,165.58362206760486,1.353309585728887e-07,165.5836219322739,1713.4740339715838,0.0,0.0,0.0490384615384615,0.0,69.86752790946873,0.3295776176133071,1.4126956790150922,32374026.381162748,Supination
392984.6097096988,75.57396340571131,75.57396340571131,0.3183985176785455,78.90357599038056,514.3503592219657,22.679293622641023,2.989609380386815,1.146720779668985,165.58362206760486,1.353309585728887e-07,165.5836219322739,1656.0718849826512,0.0,0.0,0.0490384615384615,0.0,69.86752790946873,0.3185366195388827,0.8968403876364357,32374026.381162744,Supination
248748.29277848767,47.83621014970919,47.83621014970919,0.2058373790555692,52.79101947443888,498.5887356634452,22.32910064609512,0.7160298582747457,1.0369621797352584,122.16867144427596,1.353309585728887e-07,122.168671308945,1070.5828348464916,0.0,0.0,0.0513461538461538,0.0,41.6895300052109,0.2059209145694348,0.3102960787525621,14491837.033183042,Supination
248748.29277848767,47.83621014970919,47.83621014970919,0.2236926976970089,52.79101947443888,498.5887356634452,22.32910064609512,0.7160298582747457,1.0369621797352586,122.16867144427596,1.353309585728887e-07,122.168671308945,1164.086299303547,0.0,0.0,0.0513461538461538,0.0,41.6895300052109,0.2239058086754274,0.974221008077291,14491837.033183044,Supination
248748.29277848767,47.83621014970919,47.83621014970919,0.2203380862434441,52.79101947443889,498.5887356634452,22.32910064609512,0.7160298582747457,1.0369621797352584,122.16867144427596,1.353309585728887e-07,122.168671308945,1146.5679499032883,0.0,0.0,0.0513461538461538,0.0,41.6895300052109,0.2205362473366587,0.7910080746431493,14491837.033183046,Supination
248748.29277848767,47.83621014970919,47.83621014970919,0.2302503080995846,52.79101947443888,498.5887356634452,22.32910064609512,0.7160298582747449,1.0369621797352586,122.16867144427596,1.353309585728887e-07,122.168671308945,1198.1564154808316,0.0,0.0,0.0513461538461538,0.0,41.6895300052109,0.2304590143259918,1.0835792595048857,14491837.033183044,Supination
248748.29277848767,47.83621014970919,47.83621014970919,0.2208143829154498,52.79101947443888,498.5887356634452,22.32910064609512,0.7160298582747449,1.0369621797352586,122.16867144427596,1.353309585728887e-07,122.168671308945,1148.4000437412649,0.0,0.0,0.0513461538461538,0.0,41.6895300052109,0.2208886408427129,0.8338906046642826,14491837.033183044,Supination
248748.29277848767,47.83621014970919,47.83621014970919,0.2285456768582996,52.79101947443888,498.5887356634452,22.32910064609512,0.716029858274744,1.0369621797352586,122.16867144427596,1.353309585728887e-07,122.168671308945,1188.7355463299996,0.0,0.0,0.0513461538461538,0.0,41.6895300052109,0.2286469602481245,1.0063203936743792,14491837.033183044,Supination
248748.29277848767,47.83621014970919,47.83621014970919,0.2358728196969082,52.79101947443888,498.5887356634452,22.32910064609512,0.7160298582747449,1.0369621797352584,122.16867144427596,1.353309585728887e-07,122.168671308945,1226.7768988719645,0.0,0.0,0.0513461538461538,0.0,41.6895300052109,0.2359640120930879,1.367325816155572,14491837.033183044,Supination
248748.29277848767,47.83621014970918,47.83621014970918,0.227131022848712,52.79101947443888,498.5887356634452,22.32910064609512,0.7160298582747471,1.0369621797352595,122.16867144427596,1.353309585728887e-07,122.168671308945,1181.3209677251828,0.0,0.0,0.0513461538461538,0.0,41.6895300052109,0.2272208054866672,0.9577577205994648,14491837.033183044,Supination
248748.29277848767,47.83621014970919,47.83621014970919,0.2112233417357739,52.79101947443888,498.5887356634452,22.32910064609512,0.7160298582747457,1.0369621797352584,122.16867144427596,1.353309585728887e-07,122.168671308945,1098.2403052304355,0.0,0.0,0.0513461538461538,0.0,41.6895300052109,0.2112406819062195,0.4978265034817452,14491837.033183042,Supination
248748.29277848767,47.83621014970919,47.83621014970919,0.2295078859692846,52.79101947443888,498.5887356634452,22.32910064609512,0.7160298582747457,1.0369621797352586,122.16867144427596,1.353309585728887e-07,122.168671308945,1193.7327194793636,0.0,0.0,0.0513461538461538,0.0,41.6895300052109,0.2296081399267866,1.2934237557261583,14491837.033183042,Supination
248748.29277848767,47.83621014970918,47.83621014970918,0.2112235772609057,52.79101947443888,498.58873566344505,22.32910064609511,0.7160298582747489,1.03696217973526,122.16867144427596,1.353309585728887e-07,122.168671308945,1098.5820442973563,0.0,0.0,0.0513461538461538,0.0,41.6895300052109,0.2113064135982605,0.4978587474080305,14491837.033183044,Supination
248748.29277848767,47.83621014970918,47.83621014970918,0.2194068073555595,52.79101947443888,498.5887356634452,22.32910064609512,0.7160298582747471,1.0369621797352595,122.16867144427596,1.353309585728887e-07,122.168671308945,1141.655831942241,0.0,0.0,0.0513461538461538,0.0,41.6895300052109,0.2195914275711177,0.7395949608549072,14491837.033183044,Supination
248748.29277848767,47.83621014970919,47.83621014970919,0.2224401388113093,52.79101947443889,498.5887356634452,22.32910064609512,0.7160298582747457,1.0369621797352584,122.16867144427596,1.353309585728887e-07,122.168671308945,1157.683826571444,0.0,0.0,0.0513461538461538,0.0,41.6895300052109,0.222674327095873,0.8772132641418416,14491837.033183046,Supination
248748.29277848767,47.83621014970919,47.83621014970919,0.2302032001372185,52.79101947443889,498.5887356634452,22.32910064609512,0.7160298582747449,1.0369621797352584,122.16867144427596,1.353309585728887e-07,122.168671308945,1198.09478777649,0.0,0.0,0.0513461538461538,0.0,41.6895300052109,0.2304471605648182,1.2948853027109155,14491837.033183046,Supination
248748.29277848767,47.83621014970919,47.83621014970919,0.2210321094435773,52.79101947443888,498.5887356634452,22.32910064609512,0.716029858274744,1.0369621797352586,122.16867144427596,1.353309585728887e-07,122.168671308945,1149.9005715735584,0.0,0.0,0.0513461538461538,0.0,41.6895300052109,0.2211772593909518,0.8464006356136818,14491837.033183044,Supination
248748.29277848767,47.83621014970919,47.83621014970919,0.2218308777598484,52.79101947443888,498.5887356634452,22.32910064609512,0.7160298582747457,1.0369621797352586,122.16867144427596,1.353309585728887e-07,122.168671308945,1154.190839105105,0.0,0.0,0.0513461538461538,0.0,41.6895300052109,0.2220024695335843,0.8944631911640262,14491837.033183044,Supination
248748.29277848767,47.83621014970919,47.83621014970919,0.2377950412625392,52.79101947443888,498.5887356634452,22.32910064609512,0.7160298582747457,1.0369621797352586,122.16867144427596,1.353309585728887e-07,122.168671308945,1237.4181844925104,0.0,0.0,0.0513461538461538,0.0,41.6895300052109,0.2380108067883266,1.432492242321687,14491837.033183044,Supination
248748.29277848767,47.83621014970919,47.83621014970919,0.2151694783624535,52.79101947443889,498.5887356634452,22.32910064609512,0.7160298582747449,1.0369621797352584,122.16867144427596,1.353309585728887e-07,122.168671308945,1119.7891569221374,0.0,0.0,0.0513461538461538,0.0,41.6895300052109,0.2153854889252043,0.7036369505301017,14491837.033183046,Supination
248748.29277848767,47.83621014970919,47.83621014970919,0.2219882026595054,52.79101947443888,498.5887356634452,22.32910064609512,0.7160298582747457,1.0369621797352586,122.16867144427596,1.353309585728887e-07,122.168671308945,1154.9455415152945,0.0,0.0,0.0513461538461538,0.0,41.6895300052109,0.2221476325284274,0.887509397816553,14491837.033183044,Supination
248748.29277848767,47.83621014970919,47.83621014970919,0.2302751224276281,52.79101947443888,498.5887356634452,22.32910064609512,0.7160298582747449,1.0369621797352584,122.16867144427596,1.353309585728887e-07,122.168671308945,1198.2892674615202,0.0,0.0,0.0513461538461538,0.0,41.6895300052109,0.2304845676979265,1.0801526923754443,14491837.033183044,Supination
248748.29277848767,47.83621014970919,47.83621014970919,0.2215660801517862,52.79101947443888,498.5887356634452,22.32910064609512,0.7160298582747457,1.0369621797352586,122.16867144427596,1.353309585728887e-07,122.168671308945,1152.847167226708,0.0,0.0,0.0513461538461538,0.0,41.6895300052109,0.2217440213938657,1.1321020301848834,14491837.033183042,Supination
248748.29277848767,47.83621014970919,47.83621014970919,0.2378205934291914,52.79101947443888,498.5887356634452,22.32910064609512,0.7160298582747457,1.0369621797352586,122.16867144427596,1.353309585728887e-07,122.168671308945,1237.479812196852,0.0,0.0,0.0513461538461538,0.0,41.6895300052109,0.2380226605495002,1.4328167417203646,14491837.033183044,Supination
248748.29277848767,47.83621014970919,47.83621014970919,0.219908792397999,52.79101947443888,498.5887356634452,22.32910064609512,0.7160298582747457,1.0369621797352586,122.16867144427596,1.353309585728887e-07,122.168671308945,1143.8296648471385,0.0,0.0,0.0513461538461538,0.0,41.6895300052109,0.220009552769213,0.785900692898782,14491837.033183044,Supination
248748.29277848767,47.83621014970918,47.83621014970918,0.2112234779395556,52.79101947443888,498.58873566344505,22.32910064609511,0.7160298582747489,1.03696217973526,122.16867144427596,1.353309585728887e-07,122.168671308945,1098.520416593015,0.0,0.0,0.0513461538461538,0.0,41.6895300052109,0.2112945598370869,0.4978562675176706,14491837.033183044,Supination
179219.08361521194,29.86984726920199,29.86984726920199,0.1689800464190539,36.4262400300343,434.6631868402195,20.848577573547303,-0.6432206811633221,0.6487796667494229,91.0618312053389,1.353309585728887e-07,91.06183107000794,1013.9130268272356,0.0,0.0,0.028,0.0,21.973154466766985,0.1690136734167754,0.2848420941615475,7961225.776354039,Supination
179219.08361521194,29.86984726920199,29.86984726920199,0.1731419353227585,36.4262400300343,434.6631868402196,20.848577573547303,-0.643220681163323,0.6487796667494227,91.0618312053389,1.353309585728887e-07,91.06183107000794,1039.1904189866832,0.0,0.0,0.028,0.0,21.973154466766985,0.1732272743768433,0.3721688531733066,7961225.776354039,Supination
179219.08361521194,29.86984726920199,29.86984726920199,0.1806465487485328,36.4262400300343,434.6631868402195,20.848577573547303,-0.6432206811633217,0.6487796667494229,91.0618312053389,1.353309585728887e-07,91.06183107000794,1084.3431785180662,0.0,0.0,0.028,0.0,21.973154466766985,0.1807539887511362,0.7252609530526936,7961225.776354039,Supination
179219.08361521194,29.86984726920199,29.86984726920199,0.1802497545952073,36.4262400300343,434.6631868402195,20.848577573547303,-0.6432206811633217,0.6487796667494229,91.0618312053389,1.353309585728887e-07,91.06183107000794,1081.6522564980637,0.0,0.0,0.028,0.0,21.973154466766985,0.1803054269875085,0.6654984841062181,7961225.776354039,Supination
179219.08361521194,29.86984726920199,29.86984726920199,0.1776332868084471,36.4262400300343,434.6631868402195,20.848577573547303,-0.6432206811633217,0.6487796667494229,91.0618312053389,1.353309585728887e-07,91.06183107000794,1065.9186203937018,0.0,0.0,0.028,0.0,21.973154466766985,0.1776827171851478,0.6326178558490877,7961225.776354039,Supination
179219.08361521194,29.86984726920199,29.86984726920199,0.1769437868568008,36.4262400300343,434.6631868402195,20.848577573547303,-0.6432206811633221,0.6487796667494229,91.0618312053389,1.353309585728887e-07,91.06183107000794,1062.5531269994992,0.0,0.0,0.028,0.0,21.973154466766985,0.1771217081179362,0.6236140729477081,7961225.776354039,Supination
179219.08361521194,29.86984726920199,29.86984726920199,0.175369885037092,36.4262400300343,434.6631868402195,20.848577573547303,-0.6432206811633221,0.6487796667494229,91.0618312053389,1.353309585728887e-07,91.06183107000794,1052.5314517018028,0.0,0.0,0.028,0.0,21.973154466766985,0.1754511504753796,0.5193186011393639,7961225.776354039,Supination
179219.08361521194,29.86984726920199,29.86984726920199,0.1791692063794372,36.4262400300343,434.6631868402195,20.848577573547303,-0.6432206811633221,0.6487796667494229,91.0618312053389,1.353309585728887e-07,91.06183107000794,1075.220604166384,0.0,0.0,0.028,0.0,21.973154466766985,0.1792333062454382,0.7093127590163577,7961225.776354039,Supination
179219.08361521194,29.86984726920199,29.86984726920199,0.1771581374412228,36.4262400300343,434.6631868402195,20.848577573547303,-0.6432206811633221,0.6487796667494229,91.0618312053389,1.353309585728887e-07,91.06183107000794,1063.1965169429975,0.0,0.0,0.028,0.0,21.973154466766985,0.1772289576501079,0.6978501538887817,7961225.776354039,Supination
179219.08361521194,29.86984726920199,29.86984726920199,0.1750348829942683,36.4262400300343,434.6631868402195,20.848577573547303,-0.6432206811633221,0.6487796667494229,91.0618312053389,1.353309585728887e-07,91.06183107000794,1050.631722101249,0.0,0.0,0.028,0.0,21.973154466766985,0.1751344760962241,0.5189311910504952,7961225.776354039,Supination
179219.08361521194,29.86984726920199,29.86984726920199,0.1771581228244491,36.4262400300343,434.6631868402195,20.848577573547303,-0.6432206811633221,0.6487796667494229,91.0618312053389,1.353309585728887e-07,91.06183107000794,1063.2049387379093,0.0,0.0,0.028,0.0,21.973154466766985,0.1772303615165709,0.697850265642956,7961225.776354039,Supination
179219.08361521194,29.86984726920199,29.86984726920199,0.1795669712322841,36.4262400300343,434.6631868402195,20.848577573547303,-0.6432206811633221,0.6487796667494229,91.0618312053389,1.353309585728887e-07,91.06183107000794,1077.9199479812978,0.0,0.0,0.028,0.0,21.973154466766985,0.1796832718755288,0.7160898076945358,7961225.776354039,Supination
179219.08361521194,29.86984726920199,29.86984726920199,0.1729342458117668,36.4262400300343,434.6631868402195,20.848577573547303,-0.6432206811633217,0.6487796667494229,91.0618312053389,1.353309585728887e-07,91.06183107000794,1037.961201274008,0.0,0.0,0.028,0.0,21.973154466766985,0.1730223706074359,0.3487188055772354,7961225.776354039,Supination
179219.08361521194,29.86984726920199,29.86984726920199,0.1769779988319932,36.4262400300343,434.6631868402195,20.848577573547303,-0.6432206811633221,0.6487796667494229,91.0618312053389,1.353309585728887e-07,91.06183107000794,1062.664231119547,0.0,0.0,0.028,0.0,21.973154466766985,0.1771402285580174,0.5418761583208015,7961225.77635404,Supination
179219.08361521194,29.86984726920199,29.86984726920199,0.1765812046786677,36.4262400300343,434.6631868402195,20.848577573547303,-0.6432206811633221,0.6487796667494229,91.0618312053389,1.353309585728887e-07,91.06183107000794,1059.9733090995444,0.0,0.0,0.028,0.0,21.973154466766985,0.1766916667943898,0.6226826499843697,7961225.776354039,Supination
179219.08361521194,29.86984726920199,29.86984726920199,0.1787044591256222,36.4262400300343,434.6631868402196,20.848577573547303,-0.643220681163323,0.6487796667494227,91.0618312053389,1.353309585728887e-07,91.06183107000794,1072.538103941293,0.0,0.0,0.028,0.0,21.973154466766985,0.1787861483482735,0.6543850621146498,7961225.776354039,Supination
179219.08361521194,29.86984726920199,29.86984726920199,0.1776238407777856,36.4262400300343,434.6631868402196,20.848577573547303,-0.643220681163323,0.6487796667494227,91.0618312053389,1.353309585728887e-07,91.06183107000794,1065.8958607579116,0.0,0.0,0.028,0.0,21.973154466766985,0.1776789232801986,0.5578758369365417,7961225.776354039,Supination
179219.08361521194,29.86984726920199,29.86984726920199,0.1714164603454245,36.4262400300343,434.6631868402195,20.848577573547303,-0.6432206811633221,0.6487796667494229,91.0618312053389,1.353309585728887e-07,91.06183107000794,1029.3165461649369,0.0,0.0,0.028,0.0,21.973154466766985,0.1715813545865872,0.3281514817128657,7961225.77635404,Supination
179219.08361521194,29.86984726920199,29.86984726920199,0.1698358974522854,36.4262400300343,434.6631868402195,20.848577573547303,-0.6432206811633217,0.6487796667494229,91.0618312053389,1.353309585728887e-07,91.06183107000794,1019.8806986364168,0.0,0.0,0.028,0.0,21.973154466766985,0.1700084511812663,0.2906963129736822,7961225.776354039,Supination
179219.08361521194,29.86984726920199,29.86984726920199,0.1724248698525764,36.4262400300343,434.6631868402195,20.848577573547303,-0.6432206811633221,0.6487796667494229,91.0618312053389,1.353309585728887e-07,91.06183107000794,1035.136415498168,0.0,0.0,0.028,0.0,21.973154466766985,0.1725514944987778,0.3555841093098878,7961225.776354039,Supination
179219.08361521194,29.86984726920199,29.86984726920199,0.1764846598448283,36.4262400300343,434.6631868402195,20.848577573547303,-0.6432206811633221,0.6487796667494229,91.0618312053389,1.353309585728887e-07,91.06183107000794,1059.0657863586184,0.0,0.0,0.028,0.0,21.973154466766985,0.1765403877910682,0.5398237527625375,7961225.776354039,Supination
179219.08361521194,29.86984726920199,29.86984726920199,0.1775206348705158,36.4262400300343,434.6631868402196,20.848577573547303,-0.643220681163323,0.6487796667494227,91.0618312053389,1.353309585728887e-07,91.06183107000794,1065.5741657861622,0.0,0.0,0.028,0.0,21.973154466766985,0.1776252985141127,0.5576065860514441,7961225.776354039,Supination
179219.08361521194,29.86984726920199,29.86984726920199,0.1764504332528622,36.4262400300343,434.6631868402195,20.848577573547303,-0.6432206811633217,0.6487796667494229,91.0618312053389,1.353309585728887e-07,91.06183107000794,1058.9631040334823,0.0,0.0,0.028,0.0,21.973154466766985,0.1765232712174499,0.6218316340006322,7961225.776354039,Supination
179219.08361521194,29.86984726920199,29.86984726920199,0.1771580673091564,36.4262400300343,434.6631868402195,20.848577573547303,-0.6432206811633221,0.6487796667494229,91.0618312053389,1.353309585728887e-07,91.06183107000794,1062.9859260912958,0.0,0.0,0.028,0.0,21.973154466766985,0.1771938533241033,0.6978418508200837,7961225.776354039,Supination
227696.26267350683,37.94937711225114,37.94937711225114,0.2851560708551623,45.36261573928356,617.6116835020464,24.85179437187677,8.640823228401539,2.5481780362298445,175.5027029946849,1.353309585728887e-07,175.50270285935397,1711.3423751820908,0.0,0.0,0.0503333333333333,0.0,30.780246742356454,0.2852712744094167,0.5525798083948908,12346601.440259382,Supination
227696.26267350683,37.94937711225114,37.94937711225114,0.2867587541437849,45.36261573928356,617.6116835020464,24.85179437187677,8.640823228401542,2.5481780362298445,175.5027029946849,1.353309585728887e-07,175.50270285935397,1721.2463993718857,0.0,0.0,0.0503333333333333,0.0,30.780246742356454,0.2869222202653585,0.5602265320580531,12346601.440259382,Supination
227696.2626735068,37.949377112251135,37.949377112251135,0.3143532868734977,45.36261573928356,617.6116835020464,24.85179437187677,8.640823228401539,2.5481780362298445,175.5027029946849,1.353309585728887e-07,175.50270285935397,1887.6436398520143,1.0,0.0,0.0503333333333333,0.0001666666666666,30.780246742356454,0.3146597165947682,1.9522324859583915,12346601.440259382,Supination
227696.26267350683,37.94937711225114,37.94937711225114,0.2919885975865723,45.36261573928356,617.6116835020465,24.85179437187678,8.640823228401533,2.548178036229844,175.5027029946849,1.353309585728887e-07,175.50270285935397,1751.3346602489175,0.0,0.0,0.0503333333333333,0.0,30.780246742356454,0.2919377663358756,0.6914824569727163,12346601.440259382,Supination
227696.26267350683,37.94937711225114,37.94937711225114,0.2912911286579776,45.36261573928356,617.6116835020465,24.85179437187678,8.640823228401533,2.548178036229844,175.5027029946849,1.353309585728887e-07,175.50270285935397,1748.1027084536497,0.0,0.0,0.0503333333333333,0.0,30.780246742356454,0.2913990179119269,0.6891799494208417,12346601.440259382,Supination
227696.26267350683,37.94937711225114,37.94937711225114,0.3356931387002058,45.36261573928356,617.6116835020464,24.85179437187677,8.640823228401542,2.548178036229844,175.5027029946849,1.353309585728887e-07,175.50270285935397,2015.9701437752133,2.0,0.0,0.0503333333333333,0.0003333333333333,30.780246742356443,0.3360510324679469,2.5998728395585355,12346601.440259382,Supination
227696.26267350683,37.94937711225114,37.94937711225114,0.3346366227359388,45.36261573928356,617.6116835020464,24.85179437187677,8.640823228401539,2.5481780362298445,175.5027029946849,1.353309585728887e-07,175.50270285935397,2009.7270814866465,2.0,0.0,0.0503333333333333,0.0003333333333333,30.780246742356454,0.3350103486392142,2.5829268901042712,12346601.440259382,Supination
227696.26267350683,37.94937711225114,37.94937711225114,0.3139808301931795,45.36261573928356,617.6116835020464,24.85179437187677,8.640823228401542,2.5481780362298445,175.5027029946849,1.353309585728887e-07,175.50270285935397,1883.6403022832776,1.0,0.0,0.0503333333333333,0.0001666666666666,30.780246742356454,0.313992382444287,1.903899131586322,12346601.440259382,Supination
227696.26267350683,37.94937711225114,37.94937711225114,0.2902402004961728,45.36261573928356,617.6116835020464,24.85179437187677,8.640823228401539,2.5481780362298445,175.5027029946849,1.353309585728887e-07,175.50270285935397,1741.8596461650818,0.0,0.0,0.0503333333333333,0.0,30.780246742356454,0.2903583340831941,0.6796695267464321,12346601.440259382,Supination
227696.26267350683,37.94937711225114,37.94937711225114,0.3124112727114049,45.36261573928356,617.6116835020464,24.85179437187677,8.640823228401539,2.5481780362298445,175.5027029946849,1.353309585728887e-07,175.50270285935397,1874.2397208000164,1.0,0.0,0.0503333333333333,0.0001666666666666,30.780246742356454,0.3124253576929515,1.9002484019136168,12346601.440259382,Supination
227696.26267350683,37.94937711225114,37.94937711225114,0.2902400610880333,45.36261573928356,617.6116835020464,24.85179437187677,8.640823228401539,2.5481780362298445,175.5027029946849,1.353309585728887e-07,175.50270285935397,1741.96850112705,0.0,0.0,0.0503333333333333,0.0,30.780246742356454,0.2903764796011085,0.6796716503752218,12346601.440259382,Supination
227696.26267350683,37.94937711225114,37.94937711225114,0.3362850662131784,45.36261573928356,617.6116835020464,24.85179437187677,8.640823228401542,2.5481780362298445,175.5027029946849,1.353309585728887e-07,175.50270285935397,2019.790193781408,2.0,0.0,0.0503333333333333,0.0003333333333333,30.780246742356454,0.3366878135991679,2.6389991607870025,12346601.440259382,Supination
227696.2626735068,37.949377112251135,37.949377112251135,0.3321057177500455,45.36261573928356,617.6116835020464,24.85179437187677,8.640823228401539,2.5481780362298445,175.5027029946849,1.353309585728887e-07,175.50270285935397,1994.635744351548,2.0,0.0,0.0503333333333333,0.0003333333333333,30.780246742356454,0.3324947065096763,2.6101233661028616,12346601.440259382,Supination
227696.2626735068,37.949377112251135,37.949377112251135,0.3356201505011418,45.36261573928356,617.6116835020464,24.85179437187677,8.640823228401542,2.5481780362298445,175.5027029946849,1.353309585728887e-07,175.50270285935397,2015.861288813246,2.0,0.0,0.0503333333333333,0.0003333333333333,30.780246742356454,0.3360328869500326,2.637321592008506,12346601.440259382,Supination
227696.26267350683,37.94937711225114,37.94937711225114,0.3133449923374504,45.36261573928356,617.6116835020464,24.85179437187677,8.640823228401542,2.548178036229844,175.5027029946849,1.353309585728887e-07,175.50270285935397,1879.820252277084,1.0,0.0,0.0503333333333333,0.0001666666666666,30.780246742356443,0.3133556013130661,1.913968967670272,12346601.440259382,Supination
227696.26267350683,37.94937711225114,37.94937711225114,0.2910843889989845,45.36261573928356,617.6116835020464,24.85179437187677,8.640823228401542,2.5481780362298445,175.5027029946849,1.353309585728887e-07,175.50270285935397,1747.1722345752144,0.0,0.0,0.0503333333333333,0.0,30.780246742356454,0.2912439130813826,0.6880466302195564,12346601.440259382,Supination
227696.26267350683,37.94937711225114,37.94937711225114,0.312986517892068,45.36261573928356,617.6116835020464,24.85179437187677,8.640823228401542,2.5481780362298445,175.5027029946849,1.353309585728887e-07,175.50270285935397,1878.009537663212,1.0,0.0,0.0503333333333333,0.0001666666666666,30.780246742356454,0.313053765238075,1.891804045405008,12346601.440259382,Supination
227696.2626735068,37.949377112251135,37.949377112251135,0.3313237329103893,45.36261573928356,617.6116835020464,24.85179437187677,8.640823228401542,2.5481780362298445,175.5027029946849,1.353309585728887e-07,175.50270285935397,1989.9354536099167,2.0,0.0,0.0503333333333333,0.0003333333333333,30.780246742356454,0.3317111941340085,2.615951947516125,12346601.440259382,Supination
227696.26267350683,37.94937711225114,37.94937711225114,0.3304627226671286,45.36261573928356,617.6116835020464,24.85179437187677,8.640823228401539,2.5481780362298445,175.5027029946849,1.353309585728887e-07,175.50270285935397,1984.6814870187543,2.0,0.0,0.0503333333333333,0.0003333333333333,30.780246742356454,0.330835387067637,2.5680246780659752,12346601.440259382,Supination
227696.26267350683,37.94937711225114,37.94937711225114,0.3310381072559312,45.36261573928356,617.6116835020464,24.85179437187677,8.640823228401539,2.5481780362298445,175.5027029946849,1.353309585728887e-07,175.50270285935397,1988.342448919982,2.0,0.0,0.0503333333333333,0.0003333333333333,30.780246742356454,0.3314456490948461,2.561781883309993,12346601.440259382,Supination
227696.26267350683,37.94937711225114,37.94937711225114,0.3126610724616412,45.36261573928356,617.6116835020464,24.85179437187677,8.640823228401539,2.5481780362298445,175.5027029946849,1.353309585728887e-07,175.50270285935397,1877.4716725952849,1.0,0.0,0.0503333333333333,0.0001666666666666,30.780246742356454,0.3129641061169003,1.939542893620669,12346601.440259382,Supination
227696.26267350683,37.94937711225114,37.94937711225114,0.3124981037372649,45.36261573928356,617.6116835020464,24.85179437187677,8.640823228401542,2.5481780362298445,175.5027029946849,1.353309585728887e-07,175.50270285935397,1876.6500536788176,1.0,0.0,0.0503333333333333,0.0001666666666666,30.780246742356454,0.3128271468042703,1.8753254626579543,12346601.440259382,Supination
227696.26267350683,37.94937711225114,37.94937711225114,0.3127339212525656,45.36261573928356,617.6116835020464,24.85179437187677,8.640823228401539,2.5481780362298445,175.5027029946849,1.353309585728887e-07,175.50270285935397,1877.6893825192208,1.0,0.0,0.0503333333333333,0.0001666666666666,30.780246742356454,0.3130003971527289,1.8883069467463125,12346601.440259382,Supination
227696.26267350683,37.94937711225114,37.94937711225114,0.2902396279058831,45.36261573928356,617.6116835020464,24.85179437187677,8.640823228401539,2.5481780362298445,175.5027029946849,1.353309585728887e-07,175.50270285935397,1740.659250285654,0.0,0.0,0.0503333333333333,0.0,30.780246742356454,0.2901582347534012,0.6794533478824304,12346601.440259382,Supination
308521.8389925555,51.42030649875925,51.42030649875925,0.2427167350023531,53.99814986931815,271.75226888300006,16.484910338943312,10.727368947080658,2.576935434042946,149.58561670360294,5.413238342915548e-07,149.5856161622791,1456.6126722564954,0.0,0.0,0.049,0.0,47.86071814193995,0.2428092469172354,0.4107865349691534,17494801.135856062,Supination
308521.8389925556,51.42030649875926,51.42030649875926,0.2464600853707689,53.99814986931815,271.75226888300006,16.484910338943312,10.727368947080654,2.576935434042945,149.58561670360294,5.413238342915548e-07,149.5856161622791,1479.2503657729856,0.0,0.0,0.049,0.0,47.86071814193995,0.2465828247662919,0.4923640407375433,17494801.135856062,Supination
308521.8389925555,51.42030649875925,51.42030649875925,0.255537096620171,53.99814986931815,271.75226888300006,16.484910338943312,10.727368947080658,2.5769354340429462,149.58561670360294,5.413238342915548e-07,149.5856161622791,1533.440146183994,0.0,0.0,0.049,0.0,47.86071814193993,0.2556159603573918,0.96315355847816,17494801.135856062,Supination
308521.8389925555,51.42030649875925,51.42030649875925,0.2544026867575414,53.99814986931815,271.75226888300006,16.484910338943312,10.727368947080658,2.5769354340429462,149.58561670360294,5.413238342915548e-07,149.5856161622791,1526.463152498225,0.0,0.0,0.049,0.0,47.86071814193993,0.254452934238744,0.7889783294348007,17494801.135856062,Supination
308521.8389925555,51.42030649875925,51.42030649875925,0.2509397703523784,53.99814986931815,271.75226888300006,16.484910338943312,10.727368947080658,2.5769354340429462,149.58561670360294,5.413238342915548e-07,149.5856161622791,1506.0584514018483,0.0,0.0,0.049,0.0,47.86071814193993,0.2510515838309465,0.7412233101066098,17494801.135856062,Supination
308521.8389925556,51.42030649875926,51.42030649875926,0.2537950916098459,53.99814986931815,271.75226888300006,16.484910338943312,10.727368947080658,2.576935434042945,149.58561670360294,5.413238342915548e-07,149.5856161622791,1523.2899024538804,0.0,0.0,0.049,0.0,47.86071814193995,0.2539239710708252,0.763932599155392,17494801.135856062,Supination
308521.8389925556,51.42030649875926,51.42030649875926,0.252397673807851,53.99814986931815,271.75226888300006,16.484910338943312,10.727368947080654,2.576935434042946,149.58561670360294,5.413238342915548e-07,149.5856161622791,1515.2842362146148,0.0,0.0,0.049,0.0,47.86071814193993,0.2525894709475937,0.7322652159369084,17494801.135856062,Supination
308521.8389925556,51.42030649875928,51.42030649875928,0.2550511699845376,53.99814986931815,271.7522688830001,16.484910338943312,10.727368947080642,2.576935434042942,149.58561670360294,5.413238342915548e-07,149.5856161622791,1531.07898858206,0.0,0.0,0.049,0.0,47.86071814193993,0.2552223684917586,0.960035465434852,17494801.135856062,Supination
308521.8389925555,51.42030649875925,51.42030649875925,0.2538396472807462,53.99814986931815,271.75226888300006,16.484910338943312,10.727368947080658,2.576935434042946,149.58561670360294,5.413238342915548e-07,149.5856161622791,1523.4239549906042,0.0,0.0,0.049,0.0,47.86071814193995,0.2539463168845814,0.9561667701437796,17494801.135856062,Supination
308521.8389925555,51.42030649875925,51.42030649875925,0.2524223251439754,53.99814986931815,271.75226888300006,16.484910338943312,10.727368947080658,2.5769354340429462,149.58561670360294,5.413238342915548e-07,149.5856161622791,1514.6895646622577,0.0,0.0,0.049,0.0,47.86071814193993,0.252490342500793,0.7403859260240238,17494801.135856062,Supination
308521.8389925556,51.42030649875926,51.42030649875926,0.2538396035501944,53.99814986931815,271.75226888300006,16.484910338943312,10.727368947080658,2.576935434042945,149.58561670360294,5.413238342915548e-07,149.5856161622791,1523.4210113131526,0.0,0.0,0.049,0.0,47.86071814193993,0.2539458261898904,0.9561667365019376,17494801.135856062,Supination
308521.8389925556,51.42030649875928,51.42030649875928,0.2561881678078033,53.99814986931815,271.7522688830001,16.484910338943312,10.727368947080642,2.576935434042942,149.58561670360294,5.413238342915548e-07,149.5856161622791,1538.053038590377,0.0,0.0,0.049,0.0,47.86071814193993,0.2563849039157154,0.9664458534239364,17494801.135856062,Supination
308521.8389925555,51.42030649875925,51.42030649875925,0.2453455798429153,53.99814986931815,271.75226888300006,16.484910338943312,10.727368947080658,2.5769354340429462,149.58561670360294,5.413238342915548e-07,149.5856161622791,1473.002096176298,0.0,0.0,0.049,0.0,47.86071814193993,0.245541272908201,0.4348131020049838,17494801.135856062,Supination
308521.8389925556,51.42030649875926,51.42030649875926,0.2538396035501944,53.99814986931815,271.75226888300006,16.484910338943312,10.727368947080658,2.576935434042945,149.58561670360294,5.413238342915548e-07,149.5856161622791,1523.4210113131526,0.0,0.0,0.049,0.0,47.86071814193995,0.2539458261898904,0.749049336771442,17494801.135856062,Supination
308521.8389925556,51.42030649875926,51.42030649875926,0.2527051936875649,53.99814986931815,271.75226888300006,16.484910338943312,10.727368947080658,2.576935434042945,149.58561670360294,5.413238342915548e-07,149.5856161622791,1516.4440176273838,0.0,0.0,0.049,0.0,47.86071814193995,0.2527828000712425,0.7587057614340238,17494801.135856062,Supination
308521.8389925556,51.42030649875926,51.42030649875926,0.2541225158243357,53.99814986931815,271.75226888300006,16.484910338943312,10.727368947080654,2.576935434042945,149.58561670360294,5.413238342915548e-07,149.5856161622791,1525.1784079557308,0.0,0.0,0.049,0.0,47.86071814193995,0.2542387744550309,0.7886574090814464,17494801.135856062,Supination
308521.8389925556,51.42030649875926,51.42030649875926,0.2547708456710324,53.99814986931815,271.75226888300006,16.484910338943312,10.727368947080658,2.576935434042946,149.58561670360294,5.413238342915548e-07,149.5856161622791,1529.31864826203,0.0,0.0,0.049,0.0,47.86071814193993,0.254928929531927,0.7754846467827431,17494801.135856062,Supination
308521.8389925556,51.42030649875926,51.42030649875926,0.2461798047878156,53.99814986931815,271.75226888300006,16.484910338943312,10.727368947080658,2.576935434042945,149.58561670360294,5.413238342915548e-07,149.5856161622791,1477.4929691304071,0.0,0.0,0.049,0.0,47.86071814193995,0.2462898765011514,0.4565367774753227,17494801.135856062,Supination
308521.8389925555,51.42030649875925,51.42030649875925,0.2458523368427739,53.99814986931815,271.75226888300006,16.484910338943312,10.727368947080654,2.5769354340429462,149.58561670360294,5.413238342915548e-07,149.5856161622791,1475.6015199511055,0.0,0.0,0.049,0.0,47.86071814193993,0.2459745824222546,0.4510883446449874,17494801.135856062,Supination
308521.8389925556,51.42030649875926,51.42030649875926,0.2482009011003828,53.99814986931815,271.75226888300006,16.484910338943312,10.727368947080654,2.576935434042946,149.58561670360294,5.413238342915548e-07,149.5856161622791,1490.2335472283298,0.0,0.0,0.049,0.0,47.86071814193993,0.2484136601480796,0.5066417639222813,17494801.135856062,Supination
308521.8389925555,51.42030649875925,51.42030649875925,0.2517937462517551,53.99814986931815,271.75226888300006,16.484910338943312,10.727368947080658,2.5769354340429462,149.58561670360294,5.413238342915548e-07,149.5856161622791,1510.8024526675035,0.0,0.0,0.049,0.0,47.86071814193993,0.2518423825083353,0.7309244211974633,17494801.135856062,Supination
308521.8389925556,51.42030649875926,51.42030649875926,0.2549293480921759,53.99814986931815,271.75226888300006,16.484910338943312,10.727368947080658,2.576935434042946,149.58561670360294,5.413238342915548e-07,149.5856161622791,1529.7913003621138,0.0,0.0,0.049,0.0,47.86071814193993,0.2550077180133545,0.776162386059521,17494801.135856062,Supination
308521.8389925555,51.42030649875925,51.42030649875925,0.2517491905808549,53.99814986931815,271.75226888300006,16.484910338943312,10.727368947080654,2.5769354340429462,149.58561670360294,5.413238342915548e-07,149.5856161622791,1510.66840013078,0.0,0.0,0.049,0.0,47.86071814193993,0.2518200366945791,0.7461692517807211,17494801.135856062,Supination
308521.8389925556,51.42030649875926,51.42030649875926,0.2538394939004467,53.99814986931815,271.75226888300006,16.484910338943312,10.727368947080658,2.576935434042945,149.58561670360294,5.413238342915548e-07,149.5856161622791,1522.948359213069,0.0,0.0,0.049,0.0,47.86071814193993,0.2538670377084628,0.9561417398355522,17494801.135856062,Supination
